D,#R,#X,#Y,B4.mu,B4.lo,B4.sd,2B.mu,DEHB-6,DEHB-6_sd,DEHB-12,DEHB-12_sd,DEHB-18,DEHB-18_sd,DEHB-24,DEHB-24_sd,DEHB-50,DEHB-50_sd,DEHB-100,DEHB-100_sd,DEHB-200,DEHB-200_sd,NSGAIII-6,NSGAIII-6_sd,NSGAIII-12,NSGAIII-12_sd,NSGAIII-18,NSGAIII-18_sd,NSGAIII-24,NSGAIII-24_sd,NSGAIII-50,NSGAIII-50_sd,NSGAIII-100,NSGAIII-100_sd,NSGAIII-200,NSGAIII-200_sd,SMAC-6,SMAC-6_sd,SMAC-12,SMAC-12_sd,SMAC-18,SMAC-18_sd,SMAC-24,SMAC-24_sd,SMAC-50,SMAC-50_sd,SMAC-100,SMAC-100_sd,SMAC-200,SMAC-200_sd,TPE-6,TPE-6_sd,TPE-12,TPE-12_sd,TPE-18,TPE-18_sd,TPE-24,TPE-24_sd,TPE-50,TPE-50_sd,TPE-100,TPE-100_sd,TPE-200,TPE-200_sd,ACT-6,ACT-6_sd,ACT-12,ACT-12_sd,ACT-18,ACT-18_sd,ACT-24,ACT-24_sd,ACT-50,ACT-50_sd,ACT-100,ACT-100_sd,ACT-200,ACT-200_sd,EZR-6,EZR-6_sd,EZR-12,EZR-12_sd,EZR-18,EZR-18_sd,EZR-24,EZR-24_sd,EZR-50,EZR-50_sd,EZR-100,EZR-100_sd,EZR-200,EZR-200_sd,KM++-6,KM++-6_sd,RAND-6,RAND-6_sd,KM++-12,KM++-12_sd,RAND-12,RAND-12_sd,KM++-18,KM++-18_sd,RAND-18,RAND-18_sd,KM++-24,KM++-24_sd,RAND-24,RAND-24_sd,KM++-50,KM++-50_sd,RAND-50,RAND-50_sd,KM++-100,KM++-100_sd,RAND-100,RAND-100_sd,KM++-200,KM++-200_sd,RAND-200,RAND-200_sd,Before,Before_sd, File
95, 259, 4, 2, 71, 23, 18, 25, 51 c, 16, 48 c, 15, 44 c, 13, 42 b, 12, 30 a, 10, 23 a, 0, 23 a, 0, 46 c, 13, 41 b, 10, 36 b, 9, 35 b, 9, 30 a, 8, 25 a, 5, 23 a, 0, 46 c, 12, 33 b, 11, 26 a, 7, 23 a, 3, 23 a, 0, 23 a, 0, 23 a, 0, 46 c, 13, 39 b, 10, 33 b, 10, 33 b, 10, 27 a, 8, 25 a, 6, 23 a, 0, 40 b, 11, 27 a, 6, 25 a, 5, 24 a, 5, 24 a, 5, 24 a, 5, 23 a, 0, 49 c, 9, 38 b, 12, 36 b, 10, 36 b, 7, 27 a, 8, 23 a, 2, 23 a, 0, 44 c, 16, 45 c, 15, 40 b, 13, 39 b, 11, 36 b, 11, 39 b, 10, 31 b, 8, 36 b, 8, 29 a, 7, 30 a, 7, 25 a, 4, 25 a, 5, 23 a, 0, 23 a, 0, 71 d, 18, SS-H.csv
90, 196, 3, 2, 55, 32, 10, 34, 43 b, 4, 42 b, 4, 40 b, 4, 38 b, 3, 36 a, 2, 34 a, 2, 33 a, 2, 44 c, 8, 40 b, 5, 38 b, 4, 36 a, 3, 35 a, 2, 34 a, 2, 32 a, 2, 41 b, 6, 40 b, 5, 38 b, 5, 35 a, 4, 33 a, 2, 32 a, 1, 32 a, 0, 44 c, 8, 40 b, 5, 38 b, 4, 37 a, 3, 35 a, 3, 34 a, 2, 34 a, 2, 45 c, 5, 40 b, 1, 39 b, 3, 36 a, 4, 33 a, 3, 32 a, 1, 32 a, 0, 46 c, 4, 43 b, 6, 42 b, 4, 41 b, 4, 36 a, 5, 32 a, 1, 32 a, 0, 40 b, 6, 41 b, 6, 40 b, 5, 39 b, 4, 36 a, 4, 39 b, 5, 36 a, 4, 36 a, 4, 32 a, 1, 35 a, 2, 32 a, 0, 33 a, 2, 32 a, 0, 32 a, 0, 55 d, 10, SS-D.csv
90, 350, 20, 1, 36, 0, 20, 4, 19 b, 15, 15 b, 13, 11 b, 11, 9 a, 11, 4 a, 8, 1 a, 4, 1 a, 3, 22 c, 12, 13 b, 7, 9 a, 8, 7 a, 6, 2 a, 4, 0 a, 0, 0 a, 0, 19 b, 11, 6 a, 9, 5 a, 7, 4 a, 6, 1 a, 2, 0 a, 0, 0 a, 0, 22 c, 12, 12 b, 5, 7 a, 6, 4 a, 5, 2 a, 4, 1 a, 2, 0 a, 0, 13 b, 7, 10 a, 6, 9 a, 5, 7 a, 6, 5 a, 6, 5 a, 6, 1 a, 2, 10 a, 8, 5 a, 6, 3 a, 5, 2 a, 4, 0 a, 0, 0 a, 0, 0 a, 0, 11 b, 5, 16 b, 11, 9 a, 6, 10 a, 7, 6 a, 6, 8 a, 7, 5 a, 6, 7 a, 5, 3 a, 5, 4 a, 6, 1 a, 2, 1 a, 3, 0 a, 0, 0 a, 0, 36 d, 20, socks.csv
92, 192, 9, 1, 33, 0, 27, 3, 6 a, 4, 6 a, 3, 5 a, 3, 4 a, 3, 2 a, 2, 1 a, 1, 0 a, 0, 8 a, 5, 6 a, 4, 4 a, 3, 3 a, 3, 2 a, 1, 1 a, 1, 0 a, 0, 6 a, 5, 3 a, 4, 2 a, 2, 2 a, 2, 0 a, 1, 0 a, 1, 0 a, 0, 8 a, 5, 6 a, 4, 5 a, 4, 4 a, 4, 2 a, 2, 1 a, 1, 1 a, 1, 6 a, 5, 2 a, 2, 1 a, 1, 0 a, 1, 0 a, 0, 0 a, 0, 0 a, 0, 7 a, 5, 3 a, 3, 2 a, 2, 1 a, 1, 0 a, 1, 0 a, 1, 0 a, 0, 9 a, 6, 8 a, 5, 5 a, 4, 5 a, 3, 3 a, 2, 4 a, 3, 2 a, 3, 2 a, 1, 1 a, 1, 2 a, 2, 0 a, 1, 1 a, 1, 0 a, 0, 0 a, 1, 33 b, 27, Apache_AllMeasurements.csv
93, 206, 3, 2, 56, 0, 19, 4, 37 c, 13, 34 c, 11, 30 c, 10, 25 c, 8, 21 b, 9, 10 a, 9, 3 a, 6, 35 c, 11, 30 c, 9, 25 c, 7, 24 c, 7, 20 b, 8, 13 b, 9, 4 a, 4, 33 c, 12, 26 c, 12, 13 b, 9, 13 b, 13, 2 a, 5, 0 a, 0, 0 a, 0, 35 c, 11, 28 c, 9, 23 b, 10, 21 b, 10, 16 b, 9, 9 a, 9, 4 a, 6, 27 c, 13, 13 b, 15, 6 a, 10, 5 a, 10, 5 a, 10, 2 a, 5, 0 a, 0, 30 c, 12, 15 b, 10, 7 a, 8, 5 a, 8, 0 a, 0, 0 a, 0, 0 a, 0, 32 c, 10, 33 c, 13, 22 b, 11, 20 b, 13, 21 b, 8, 18 b, 10, 15 b, 9, 15 b, 11, 12 b, 9, 12 b, 8, 8 a, 7, 8 a, 6, 0 a, 1, 3 a, 3, 56 d, 19, SS-B.csv
97, 247, 22, 2, 84, 46, 10, 47, 89 g, 11, 80 f, 6, 80 f, 9, 84 g, 10, 89 h, 17, 91 h, 7, 78 e, 3, 78 e, 5, 63 c, 13, 75 e, 3, 69 d, 11, 64 c, 12, 48 a, 5, 47 a, 6, 70 d, 8, 74 e, 8, 73 e, 8, 66 d, 13, 60 c, 13, 59 c, 12, 51 b, 9, 76 e, 8, 53 b, 12, 66 d, 13, 59 c, 13, 48 a, 6, 47 a, 6, 71 d, 3, 79 e, 4, 76 e, 9, 69 d, 13, 62 c, 12, 51 b, 9, 47 a, 3, 46 a, 0, 78 e, 11, 68 d, 13, 66 d, 11, 61 c, 14, 53 b, 9, 46 a, 0, 46 a, 0, 71 d, 8, 74 e, 4, 68 d, 12, 71 d, 7, 68 d, 9, 65 d, 11, 65 c, 11, 60 c, 12, 63 c, 12, 58 c, 12, 56 c, 10, 54 b, 10, 48 a, 5, 49 a, 7, 84 g, 10, wallpaper.csv
96, 196, 3, 1, 27, 0, 20, 1, 5 a, 8, 3 a, 6, 2 a, 4, 1 a, 4, 0 a, 0, 0 a, 0, 0 a, 0, 3 a, 6, 1 a, 2, 1 a, 1, 0 a, 0, 0 a, 0, 0 a, 0, 0 a, 0, 8 b, 9, 2 a, 4, 0 a, 0, 0 a, 2, 0 a, 0, 0 a, 0, 0 a, 0, 3 a, 6, 1 a, 2, 0 a, 0, 0 a, 0, 0 a, 0, 0 a, 0, 0 a, 0, 10 b, 11, 1 a, 1, 1 a, 0, 1 a, 0, 0 a, 0, 0 a, 0, 0 a, 0, 6 a, 8, 2 a, 2, 2 a, 6, 0 a, 0, 0 a, 0, 0 a, 0, 0 a, 0, 8 b, 8, 6 a, 8, 3 a, 4, 2 a, 2, 1 a, 2, 1 a, 2, 1 a, 2, 1 a, 4, 0 a, 0, 0 a, 0, 0 a, 0, 0 a, 0, 0 a, 0, 0 a, 0, 27 c, 20, wc+rs-3d-c4-obj1.csv
97, 196, 3, 1, 26, 0, 19, 1, 5 a, 9, 2 a, 5, 1 a, 4, 1 a, 4, 0 a, 2, 0 a, 0, 0 a, 0, 3 a, 6, 1 a, 2, 1 a, 1, 0 a, 0, 0 a, 0, 0 a, 0, 0 a, 0, 8 b, 9, 1 a, 2, 0 a, 1, 0 a, 0, 0 a, 0, 0 a, 0, 0 a, 0, 3 a, 6, 1 a, 2, 0 a, 0, 0 a, 0, 0 a, 0, 0 a, 0, 0 a, 0, 9 b, 11, 0 a, 0, 0 a, 0, 0 a, 0, 0 a, 0, 0 a, 0, 0 a, 0, 5 a, 6, 2 a, 4, 1 a, 2, 0 a, 0, 0 a, 0, 0 a, 0, 0 a, 0, 8 b, 9, 6 a, 8, 2 a, 3, 1 a, 2, 1 a, 2, 1 a, 1, 1 a, 1, 1 a, 3, 0 a, 0, 0 a, 0, 0 a, 0, 0 a, 0, 0 a, 0, 0 a, 0, 26 c, 19, wc+sol-3d-c4-obj1.csv
90, 398, 4, 3, 56, 17, 16, 21, 38 c, 10, 35 b, 8, 34 b, 8, 34 b, 7, 29 b, 7, 24 a, 9, 19 a, 5, 37 c, 5, 34 b, 5, 32 b, 5, 31 b, 4, 27 b, 6, 22 a, 7, 18 a, 4, 35 b, 8, 31 b, 8, 30 b, 7, 25 a, 7, 22 a, 7, 19 a, 5, 19 a, 5, 37 c, 5, 35 b, 5, 30 b, 5, 26 b, 6, 23 a, 7, 21 a, 5, 19 a, 5, 37 c, 8, 24 a, 8, 22 a, 6, 21 a, 5, 18 a, 3, 17 a, 1, 17 a, 0, 32 b, 8, 29 b, 6, 26 b, 6, 24 a, 5, 21 a, 5, 18 a, 2, 17 a, 0, 37 c, 8, 37 c, 7, 29 b, 8, 32 b, 7, 29 b, 8, 29 b, 7, 27 b, 7, 29 b, 5, 23 a, 6, 25 a, 6, 20 a, 4, 21 a, 4, 18 a, 3, 18 a, 2, 56 d, 16, auto93.csv
87, 81, 26, 1, 38, 0, 20, 5, 15 b, 8, 14 b, 8, 11 a, 9, 9 a, 9, 6 a, 7, 3 a, 4, 1 a, 3, 17 b, 6, 14 b, 6, 11 a, 7, 11 a, 7, 4 a, 6, 1 a, 3, 0 a, 2, 20 b, 11, 14 b, 7, 10 a, 6, 7 a, 6, 3 a, 5, 2 a, 4, 1 a, 3, 17 b, 6, 14 b, 6, 9 a, 7, 8 a, 6, 3 a, 4, 2 a, 4, 0 a, 1, 14 b, 8, 11 a, 5, 9 a, 4, 8 a, 4, 1 a, 3, 0 a, 0, 0 a, 0, 17 b, 9, 10 a, 4, 9 a, 3, 7 a, 4, 3 a, 3, 0 a, 0, 0 a, 0, 11 a, 6, 15 b, 10, 9 a, 6, 9 a, 6, 7 a, 6, 7 a, 5, 6 a, 5, 5 a, 4, 3 a, 4, 3 a, 4, 2 a, 3, 3 a, 3, 2 a, 3, 1 a, 2, 38 c, 20, player_statistics_cleaned_final.csv
91, 196, 3, 2, 57, 33, 10, 36, 44 b, 5, 42 b, 4, 42 b, 4, 40 b, 3, 37 a, 3, 34 a, 1, 33 a, 0, 46 c, 8, 42 b, 6, 40 b, 4, 39 a, 3, 37 a, 3, 35 a, 2, 34 a, 1, 44 b, 6, 41 b, 6, 40 b, 4, 38 a, 4, 35 a, 3, 33 a, 0, 33 a, 0, 46 c, 8, 42 b, 5, 39 a, 4, 38 a, 4, 36 a, 2, 34 a, 2, 34 a, 1, 45 b, 5, 43 b, 3, 43 b, 3, 43 b, 3, 40 b, 3, 35 a, 3, 33 a, 0, 45 b, 5, 44 b, 5, 42 b, 5, 41 b, 5, 38 a, 4, 34 a, 2, 33 a, 0, 44 b, 4, 44 b, 7, 42 b, 4, 41 b, 5, 41 b, 4, 40 b, 4, 40 b, 3, 39 a, 4, 38 a, 3, 37 a, 3, 36 a, 2, 35 a, 2, 33 a, 0, 34 a, 1, 57 d, 10, SS-G.csv
96, 196, 3, 1, 27, 0, 18, 1, 6 a, 9, 3 a, 6, 2 a, 5, 2 a, 5, 1 a, 1, 0 a, 0, 0 a, 0, 4 a, 6, 1 a, 2, 1 a, 1, 0 a, 0, 0 a, 0, 0 a, 0, 0 a, 0, 9 b, 9, 2 a, 2, 1 a, 2, 0 a, 0, 0 a, 0, 0 a, 0, 0 a, 0, 4 a, 6, 1 a, 2, 0 a, 0, 0 a, 0, 0 a, 0, 0 a, 0, 0 a, 0, 10 b, 11, 1 a, 1, 0 a, 0, 0 a, 0, 0 a, 0, 0 a, 0, 0 a, 0, 6 a, 9, 1 a, 2, 2 a, 5, 1 a, 3, 0 a, 0, 0 a, 0, 0 a, 0, 10 b, 10, 7 b, 9, 4 a, 6, 2 a, 2, 1 a, 2, 2 a, 4, 1 a, 2, 2 a, 4, 0 a, 0, 0 a, 0, 0 a, 0, 0 a, 0, 0 a, 0, 0 a, 0, 27 c, 18, wc+wc-3d-c4-obj1.csv
96, 1152, 16, 1, 38, 0, 28, 2, 6 a, 6, 4 a, 7, 3 a, 5, 1 a, 1, 1 a, 1, 0 a, 1, 0 a, 0, 4 a, 3, 3 a, 2, 2 a, 2, 1 a, 1, 1 a, 1, 0 a, 0, 0 a, 0, 4 a, 2, 3 a, 2, 2 a, 2, 1 a, 1, 0 a, 1, 0 a, 0, 0 a, 0, 4 a, 3, 2 a, 2, 2 a, 2, 2 a, 2, 1 a, 1, 0 a, 0, 0 a, 0, 4 a, 4, 1 a, 1, 0 a, 0, 0 a, 0, 0 a, 0, 0 a, 0, 0 a, 0, 4 a, 3, 3 a, 5, 1 a, 2, 1 a, 1, 0 a, 0, 0 a, 0, 0 a, 0, 5 a, 5, 5 a, 6, 3 a, 3, 2 a, 2, 2 a, 2, 2 a, 2, 1 a, 1, 1 a, 1, 1 a, 1, 1 a, 1, 0 a, 0, 0 a, 0, 0 a, 0, 0 a, 0, 38 b, 28, X264_AllMeasurements.csv
84, 223, 10, 3, 62, 30, 12, 35, 48 c, 4, 45 b, 5, 44 b, 6, 42 b, 5, 38 a, 5, 37 a, 5, 35 a, 4, 47 c, 6, 41 b, 7, 39 a, 7, 38 a, 6, 35 a, 5, 34 a, 5, 33 a, 4, 46 c, 7, 42 b, 6, 42 b, 6, 41 b, 6, 38 a, 4, 36 a, 5, 34 a, 5, 47 c, 6, 41 b, 7, 39 a, 6, 39 a, 6, 36 a, 5, 33 a, 4, 33 a, 4, 48 c, 6, 42 b, 2, 41 b, 3, 40 b, 4, 33 a, 5, 30 a, 2, 30 a, 0, 48 c, 7, 43 b, 8, 40 b, 7, 42 b, 4, 37 a, 6, 32 a, 4, 30 a, 0, 47 c, 8, 48 c, 6, 45 b, 3, 46 b, 4, 41 b, 5, 41 b, 4, 41 b, 5, 42 b, 4, 37 a, 5, 38 a, 5, 35 a, 4, 37 a, 4, 31 a, 3, 33 a, 4, 62 d, 12, A2C_Acrobot.csv
95, 1023, 11, 2, 63, 16, 17, 18, 38 c, 17, 34 c, 16, 29 b, 13, 25 b, 11, 17 a, 1, 16 a, 1, 16 a, 0, 35 c, 18, 30 b, 14, 27 b, 13, 22 a, 8, 19 a, 2, 17 a, 2, 16 a, 0, 31 b, 13, 27 b, 12, 20 a, 6, 18 a, 5, 16 a, 1, 16 a, 0, 16 a, 0, 35 c, 18, 27 b, 13, 27 b, 12, 25 b, 11, 21 a, 7, 18 a, 4, 17 a, 1, 38 c, 14, 28 b, 13, 20 a, 8, 19 a, 7, 16 a, 1, 16 a, 0, 16 a, 0, 34 c, 17, 30 b, 12, 21 a, 8, 20 a, 4, 17 a, 1, 17 a, 1, 16 a, 1, 44 d, 17, 36 c, 15, 29 b, 11, 27 b, 12, 23 a, 9, 27 b, 10, 21 a, 7, 22 a, 7, 19 a, 4, 19 a, 5, 17 a, 2, 17 a, 1, 17 a, 1, 17 a, 1, 63 e, 17, SS-P.csv
98, 864, 18, 1, 28, 0, 38, 0, 1 a, 1, 1 a, 0, 0 a, 0, 0 a, 0, 0 a, 0, 0 a, 0, 0 a, 0, 1 a, 2, 1 a, 0, 0 a, 0, 0 a, 0, 0 a, 0, 0 a, 0, 0 a, 0, 2 a, 2, 0 a, 0, 1 a, 1, 0 a, 0, 0 a, 0, 0 a, 0, 0 a, 0, 1 a, 2, 0 a, 0, 0 a, 0, 0 a, 0, 0 a, 0, 0 a, 0, 0 a, 0, 1 a, 1, 0 a, 1, 0 a, 1, 0 a, 1, 0 a, 0, 0 a, 0, 0 a, 0, 2 a, 2, 1 a, 1, 0 a, 0, 0 a, 1, 0 a, 0, 0 a, 0, 0 a, 0, 2 a, 2, 2 a, 2, 1 a, 2, 1 a, 2, 1 a, 1, 0 a, 0, 0 a, 0, 0 a, 0, 0 a, 0, 0 a, 0, 0 a, 0, 0 a, 0, 0 a, 0, 0 a, 0, 28 b, 38, HSQLDB.csv
95, 93, 22, 3, 54, 39, 5, 39, 52 d, 5, 54 e, 6, 44 b, 3, 61 g, 5, 52 d, 2, 56 f, 0, 59 f, 8, 45 b, 6, 43 b, 4, 44 b, 2, 39 a, 0, 52 d, 0, 39 a, 0, 40 a, 2, 52 d, 6, 44 b, 3, 43 b, 2, 57 f, 0, 53 e, 5, 39 a, 1, 39 a, 1, 57 f, 0, 43 b, 2, 50 d, 6, 43 b, 2, 42 b, 3, 43 b, 2, 43 b, 0, 54 e, 3, 50 d, 5, 47 c, 5, 44 b, 6, 40 a, 3, 39 a, 0, 39 a, 0, 53 d, 3, 52 d, 5, 47 c, 5, 45 b, 4, 41 a, 3, 39 a, 1, 39 a, 1, 47 c, 5, 47 c, 4, 44 b, 3, 45 b, 5, 41 a, 2, 44 b, 2, 41 a, 2, 44 b, 4, 39 a, 0, 41 a, 2, 39 a, 0, 40 a, 2, 39 a, 0, 39 a, 1, 54 e, 5, nasa93dem.csv
92, 1024, 10, 1, 53, 0, 25, 4, 22 b, 11, 20 b, 9, 11 a, 10, 9 a, 10, 2 a, 2, 1 a, 1, 0 a, 0, 26 b, 13, 17 b, 13, 10 a, 8, 8 a, 6, 4 a, 2, 3 a, 2, 1 a, 1, 25 b, 17, 14 b, 11, 11 a, 8, 5 a, 6, 2 a, 1, 1 a, 1, 0 a, 0, 26 b, 13, 14 b, 8, 12 a, 9, 12 a, 8, 6 a, 6, 3 a, 5, 2 a, 4, 14 b, 12, 5 a, 5, 3 a, 4, 2 a, 3, 0 a, 0, 0 a, 0, 0 a, 0, 18 b, 13, 10 a, 9, 4 a, 4, 4 a, 3, 3 a, 2, 2 a, 2, 1 a, 1, 19 b, 13, 25 b, 16, 14 b, 8, 13 b, 11, 8 a, 7, 10 a, 8, 8 a, 6, 9 a, 7, 3 a, 3, 3 a, 2, 2 a, 2, 2 a, 1, 1 a, 1, 2 a, 2, 53 c, 25, LLVM.csv
92, 196, 3, 2, 56, 35, 10, 36, 44 b, 4, 43 b, 5, 42 b, 5, 40 b, 3, 38 a, 2, 35 a, 1, 35 a, 0, 46 c, 7, 42 b, 5, 40 b, 4, 40 a, 3, 37 a, 2, 36 a, 2, 35 a, 1, 44 b, 6, 43 b, 5, 41 b, 4, 39 a, 4, 36 a, 1, 35 a, 0, 35 a, 0, 46 c, 7, 41 b, 5, 39 a, 4, 38 a, 3, 36 a, 2, 35 a, 1, 35 a, 0, 46 c, 5, 44 b, 4, 44 b, 3, 43 b, 3, 41 b, 3, 35 a, 1, 35 a, 0, 46 c, 4, 43 b, 5, 44 b, 5, 42 b, 4, 39 a, 4, 36 a, 2, 35 a, 0, 45 b, 3, 44 b, 6, 43 b, 4, 41 b, 4, 41 b, 4, 41 b, 4, 41 b, 3, 39 a, 4, 38 a, 3, 38 a, 3, 37 a, 2, 36 a, 1, 35 a, 0, 35 a, 1, 56 d, 10, SS-F.csv
82, 972, 11, 2, 39, 12, 13, 17, 30 c, 6, 28 b, 5, 27 b, 5, 26 b, 5, 21 a, 4, 18 a, 4, 17 a, 3, 27 b, 4, 26 b, 4, 24 b, 4, 23 b, 4, 20 a, 3, 18 a, 3, 15 a, 2, 27 b, 6, 26 b, 5, 22 b, 5, 21 a, 4, 18 a, 4, 16 a, 3, 14 a, 1, 27 b, 4, 25 b, 5, 23 b, 5, 23 b, 4, 20 a, 3, 17 a, 4, 17 a, 4, 24 b, 7, 20 a, 6, 19 a, 6, 17 a, 5, 14 a, 4, 13 a, 3, 13 a, 2, 25 b, 6, 20 a, 4, 20 a, 5, 17 a, 3, 16 a, 2, 13 a, 1, 12 a, 0, 25 b, 6, 27 b, 6, 22 b, 5, 22 b, 5, 20 a, 5, 20 a, 5, 18 a, 3, 19 a, 3, 16 a, 4, 17 a, 3, 14 a, 2, 15 a, 2, 13 a, 1, 14 a, 2, 39 d, 13, SS-O.csv
95, 1023, 11, 2, 63, 16, 17, 18, 38 c, 17, 34 c, 16, 29 b, 13, 25 b, 11, 17 a, 1, 16 a, 1, 16 a, 0, 35 c, 18, 30 b, 14, 27 b, 13, 22 a, 8, 19 a, 2, 17 a, 2, 16 a, 0, 31 b, 13, 27 b, 12, 20 a, 6, 18 a, 5, 16 a, 1, 16 a, 0, 16 a, 0, 35 c, 18, 27 b, 13, 27 b, 12, 25 b, 11, 21 a, 7, 18 a, 4, 17 a, 1, 35 c, 16, 27 b, 12, 20 a, 7, 20 a, 6, 18 a, 4, 16 a, 1, 16 a, 1, 36 c, 17, 31 b, 15, 25 b, 15, 19 a, 7, 16 a, 1, 16 a, 0, 16 a, 0, 43 d, 13, 36 c, 15, 34 c, 12, 27 b, 12, 23 a, 8, 27 b, 10, 24 b, 10, 22 a, 7, 18 a, 2, 19 a, 5, 17 a, 1, 17 a, 1, 16 a, 1, 17 a, 1, 63 e, 17, SS-L.csv
83, 1343, 3, 2, 25, 0, 19, 4, 9 a, 4, 13 b, 17, 9 a, 13, 8 a, 13, 3 a, 2, 2 a, 2, 0 a, 1, 10 a, 4, 8 a, 3, 7 a, 3, 6 a, 3, 4 a, 2, 3 a, 2, 1 a, 1, 11 b, 5, 6 a, 3, 4 a, 2, 2 a, 2, 1 a, 1, 0 a, 0, 0 a, 0, 10 a, 4, 8 a, 4, 6 a, 2, 6 a, 2, 4 a, 2, 2 a, 1, 1 a, 1, 9 a, 4, 5 a, 3, 3 a, 2, 3 a, 2, 1 a, 1, 1 a, 1, 0 a, 0, 8 a, 3, 5 a, 3, 4 a, 2, 4 a, 2, 1 a, 1, 0 a, 1, 0 a, 0, 10 a, 4, 11 a, 6, 6 a, 3, 6 a, 3, 5 a, 2, 6 a, 2, 5 a, 2, 5 a, 2, 4 a, 1, 4 a, 2, 3 a, 2, 3 a, 2, 2 a, 1, 2 a, 2, 25 c, 19, SS-A.csv
97, 864, 17, 3, 31, 0, 35, 1, 3 a, 3, 2 a, 2, 1 a, 1, 1 a, 1, 0 a, 0, 0 a, 0, 0 a, 0, 3 a, 4, 1 a, 0, 1 a, 0, 1 a, 0, 0 a, 0, 0 a, 0, 0 a, 0, 4 a, 4, 2 a, 3, 1 a, 2, 0 a, 0, 0 a, 0, 0 a, 0, 0 a, 0, 3 a, 4, 1 a, 0, 1 a, 0, 0 a, 0, 0 a, 0, 0 a, 0, 0 a, 0, 2 a, 3, 1 a, 2, 1 a, 2, 0 a, 0, 0 a, 0, 0 a, 0, 0 a, 0, 4 a, 4, 2 a, 3, 0 a, 0, 0 a, 0, 0 a, 0, 0 a, 0, 0 a, 0, 3 a, 4, 4 a, 5, 2 a, 3, 3 a, 3, 2 a, 3, 1 a, 0, 1 a, 0, 1 a, 0, 0 a, 0, 0 a, 0, 0 a, 0, 0 a, 0, 0 a, 0, 0 a, 0, 31 b, 35, SS-M.csv
97, 649, 33, 1, 85, 0, 36, 3, 70 d, 47, 20 a, 41, 40 b, 50, 75 d, 44, 15 a, 37, 50 c, 51, 0 a, 0, 30 b, 47, 15 a, 37, 10 a, 31, 0 a, 0, 0 a, 0, 0 a, 0, 0 a, 0, 15 a, 37, 0 a, 0, 0 a, 0, 0 a, 0, 0 a, 0, 0 a, 0, 0 a, 0, 30 b, 47, 0 a, 0, 5 a, 22, 0 a, 0, 0 a, 0, 0 a, 0, 0 a, 0, 25 b, 44, 0 a, 0, 0 a, 0, 0 a, 0, 0 a, 0, 0 a, 0, 0 a, 0, 25 b, 44, 30 b, 47, 5 a, 22, 10 a, 31, 0 a, 0, 0 a, 0, 0 a, 0, 50 c, 51, 30 b, 47, 15 a, 37, 0 a, 0, 5 a, 22, 5 a, 22, 0 a, 0, 0 a, 0, 0 a, 0, 0 a, 0, 0 a, 0, 0 a, 0, 0 a, 0, 0 a, 0, 85 d, 36, student_dropout.csv
81, 1000, 20, 5, 46, 13, 11, 19, 29 b, 7, 26 b, 5, 25 b, 4, 24 b, 4, 22 a, 3, 19 a, 3, 18 a, 2, 34 c, 5, 28 b, 6, 26 b, 4, 24 b, 4, 21 a, 3, 19 a, 2, 18 a, 3, 29 b, 9, 25 b, 6, 23 b, 3, 22 a, 5, 21 a, 5, 19 a, 3, 17 a, 3, 34 c, 5, 29 b, 6, 26 b, 6, 25 b, 5, 21 a, 4, 20 a, 5, 18 a, 4, 38 d, 6, 31 c, 9, 23 a, 6, 21 a, 5, 19 a, 4, 18 a, 3, 16 a, 2, 31 c, 10, 32 c, 9, 26 b, 7, 26 b, 7, 20 a, 5, 17 a, 4, 16 a, 2, 31 c, 8, 32 c, 8, 26 b, 7, 23 b, 5, 25 b, 6, 25 b, 6, 21 a, 4, 21 a, 5, 21 a, 4, 20 a, 3, 18 a, 2, 18 a, 3, 17 a, 2, 17 a, 3, 46 e, 11, coc1000.csv
79, 1599, 10, 2, 42, 15, 9, 21, 36 d, 6, 35 c, 6, 31 c, 6, 30 b, 5, 28 b, 4, 25 b, 4, 23 a, 5, 34 c, 5, 29 b, 4, 28 b, 3, 28 b, 4, 27 b, 3, 25 b, 4, 23 a, 4, 35 c, 4, 30 b, 5, 29 b, 5, 27 b, 5, 26 b, 4, 25 b, 5, 23 a, 4, 34 c, 5, 31 c, 4, 29 b, 2, 29 b, 3, 27 b, 3, 25 b, 4, 22 a, 3, 31 c, 6, 29 b, 3, 28 b, 3, 28 b, 3, 25 b, 5, 22 a, 5, 20 a, 4, 33 c, 6, 28 b, 6, 28 b, 4, 25 b, 6, 23 a, 6, 20 a, 5, 17 a, 2, 31 c, 6, 31 c, 3, 30 b, 4, 29 b, 5, 28 b, 3, 29 b, 3, 28 b, 4, 26 b, 4, 25 b, 4, 23 a, 5, 19 a, 3, 22 a, 3, 18 a, 3, 20 a, 3, 42 e, 9, Wine_quality.csv
93, 2866, 6, 1, 23, 0, 20, 2, 5 a, 6, 3 a, 1, 2 a, 1, 2 a, 0, 2 a, 0, 1 a, 0, 1 a, 0, 3 a, 3, 2 a, 1, 2 a, 0, 2 a, 0, 2 a, 0, 1 a, 0, 1 a, 1, 4 a, 6, 2 a, 1, 2 a, 0, 1 a, 0, 1 a, 0, 1 a, 0, 1 a, 0, 3 a, 3, 2 a, 0, 2 a, 0, 2 a, 0, 1 a, 0, 1 a, 0, 1 a, 0, 3 a, 2, 1 a, 0, 1 a, 0, 1 a, 0, 1 a, 0, 1 a, 0, 1 a, 0, 2 a, 1, 2 a, 1, 2 a, 1, 1 a, 0, 1 a, 0, 1 a, 0, 1 a, 0, 3 a, 5, 3 a, 2, 2 a, 0, 2 a, 1, 1 a, 0, 2 a, 0, 2 a, 0, 2 a, 0, 1 a, 0, 1 a, 0, 1 a, 0, 1 a, 0, 1 a, 0, 1 a, 0, 23 b, 20, sol-6d-c2-obj1.csv
89, 2880, 6, 2, 52, 1, 16, 7, 29 c, 11, 27 c, 12, 23 c, 12, 21 b, 12, 13 b, 8, 8 a, 5, 5 a, 5, 27 c, 12, 21 b, 11, 18 b, 10, 17 b, 10, 11 a, 8, 9 a, 5, 6 a, 4, 27 c, 12, 20 b, 12, 15 b, 9, 13 b, 8, 7 a, 5, 3 a, 2, 2 a, 1, 27 c, 12, 21 b, 11, 16 b, 9, 15 b, 9, 8 a, 5, 6 a, 3, 5 a, 3, 32 c, 12, 20 b, 9, 15 b, 8, 12 a, 6, 8 a, 6, 7 a, 4, 4 a, 2, 33 c, 13, 30 c, 14, 32 c, 12, 17 b, 12, 12 a, 11, 6 a, 3, 3 a, 1, 26 c, 13, 32 c, 12, 23 c, 11, 25 c, 13, 18 b, 8, 18 b, 9, 16 b, 9, 13 b, 8, 9 a, 5, 12 a, 7, 6 a, 4, 7 a, 4, 5 a, 3, 5 a, 2, 52 d, 16, SS-K.csv
78, 1470, 32, 3, 79, 26, 16, 38, 52 b, 9, 52 b, 10, 41 a, 4, 43 a, 7, 42 a, 11, 36 a, 3, 36 a, 2, 51 b, 9, 47 b, 8, 42 a, 5, 40 a, 4, 38 a, 3, 36 a, 3, 35 a, 2, 55 c, 11, 41 a, 7, 42 a, 7, 42 a, 7, 36 a, 4, 37 a, 3, 36 a, 1, 50 b, 9, 45 b, 8, 42 a, 7, 38 a, 5, 36 a, 2, 36 a, 3, 36 a, 2, 56 c, 11, 52 b, 10, 50 b, 9, 47 b, 7, 41 a, 7, 37 a, 6, 34 a, 4, 51 b, 9, 47 b, 9, 42 a, 9, 41 a, 9, 36 a, 9, 29 a, 2, 28 a, 2, 54 b, 13, 56 c, 13, 49 b, 9, 48 b, 10, 45 b, 8, 49 b, 10, 40 a, 7, 40 a, 9, 39 a, 6, 40 a, 6, 34 a, 5, 36 a, 3, 33 a, 5, 33 a, 5, 79 d, 16, WA_Fn-UseC_-HR-Employee-Attrition.csv
100, 1557, 12, 1, 18, 0, 25, 0, 0 a, 0, 0 a, 0, 0 a, 0, 0 a, 0, 0 a, 0, 0 a, 0, 0 a, 0, 0 a, 0, 0 a, 0, 0 a, 0, 0 a, 0, 0 a, 0, 0 a, 0, 0 a, 0, 0 a, 0, 0 a, 0, 0 a, 0, 0 a, 0, 0 a, 0, 0 a, 0, 0 a, 0, 0 a, 0, 0 a, 0, 0 a, 0, 0 a, 0, 0 a, 0, 0 a, 0, 0 a, 0, 0 a, 1, 0 a, 0, 0 a, 0, 0 a, 0, 0 a, 0, 0 a, 0, 0 a, 0, 1 a, 2, 0 a, 0, 0 a, 0, 0 a, 0, 0 a, 0, 0 a, 0, 0 a, 0, 1 a, 1, 1 a, 2, 0 a, 0, 0 a, 0, 0 a, 0, 0 a, 0, 0 a, 0, 0 a, 0, 0 a, 0, 0 a, 0, 0 a, 0, 0 a, 0, 0 a, 0, 0 a, 0, 18 b, 25, storm.csv
94, 2880, 6, 1, 29, 0, 21, 2, 7 a, 10, 5 a, 8, 2 a, 3, 2 a, 3, 1 a, 2, 0 a, 1, 0 a, 1, 4 a, 6, 2 a, 3, 2 a, 2, 1 a, 1, 0 a, 1, 0 a, 0, 0 a, 0, 9 a, 8, 3 a, 3, 0 a, 1, 0 a, 0, 0 a, 0, 0 a, 0, 0 a, 0, 4 a, 6, 3 a, 3, 1 a, 1, 1 a, 1, 0 a, 0, 0 a, 0, 0 a, 0, 7 a, 8, 3 a, 5, 2 a, 3, 1 a, 1, 0 a, 0, 0 a, 0, 0 a, 0, 7 a, 5, 4 a, 5, 2 a, 2, 1 a, 1, 1 a, 2, 0 a, 0, 0 a, 0, 5 a, 6, 6 a, 7, 1 a, 2, 2 a, 3, 1 a, 1, 1 a, 2, 0 a, 1, 1 a, 2, 0 a, 0, 0 a, 1, 0 a, 0, 0 a, 0, 0 a, 0, 0 a, 0, 29 b, 21, wc-6d-c1-obj1.csv
86, 1000, 124, 3, 51, 27, 9, 30, 42 c, 5, 41 c, 5, 38 b, 4, 37 b, 3, 33 a, 3, 30 a, 3, 28 a, 2, 40 c, 5, 39 b, 4, 38 b, 4, 37 b, 3, 33 a, 3, 31 a, 3, 28 a, 2, 42 c, 3, 37 b, 5, 35 b, 4, 33 a, 4, 31 a, 3, 29 a, 2, 29 a, 2, 40 c, 5, 37 b, 5, 35 b, 5, 35 b, 5, 32 a, 4, 31 a, 4, 30 a, 3, 40 c, 5, 33 a, 4, 31 a, 3, 30 a, 3, 29 a, 2, 28 a, 2, 27 a, 1, 39 b, 5, 37 b, 5, 33 a, 3, 34 b, 4, 31 a, 3, 30 a, 2, 29 a, 2, 39 c, 5, 40 c, 5, 36 b, 5, 38 b, 4, 36 b, 4, 36 b, 4, 34 b, 3, 35 b, 4, 32 a, 2, 34 b, 3, 31 a, 2, 31 a, 2, 30 a, 2, 30 a, 2, 51 d, 9, Scrum1k.csv
76, 3008, 14, 2, 41, 12, 15, 19, 22 a, 6, 22 a, 6, 20 a, 2, 19 a, 2, 18 a, 1, 17 a, 1, 16 a, 2, 23 a, 4, 21 a, 3, 20 a, 2, 19 a, 2, 18 a, 1, 17 a, 1, 17 a, 1, 22 a, 3, 21 a, 5, 20 a, 2, 19 a, 2, 18 a, 2, 16 a, 2, 16 a, 2, 23 a, 4, 21 a, 3, 20 a, 3, 19 a, 3, 18 a, 2, 17 a, 2, 17 a, 2, 24 a, 7, 23 a, 8, 20 a, 5, 20 a, 6, 17 a, 4, 15 a, 3, 13 a, 1, 25 b, 8, 22 a, 8, 20 a, 3, 19 a, 3, 17 a, 2, 16 a, 2, 16 a, 2, 21 a, 5, 21 a, 5, 20 a, 2, 20 a, 3, 19 a, 3, 19 a, 2, 19 a, 1, 18 a, 1, 18 a, 1, 18 a, 1, 17 a, 2, 17 a, 2, 15 a, 2, 15 a, 2, 41 c, 15, SS-R.csv
99, 2560, 16, 1, 20, 0, 30, 0, 1 a, 3, 0 a, 0, 0 a, 0, 0 a, 0, 0 a, 0, 0 a, 0, 0 a, 0, 0 a, 0, 0 a, 0, 0 a, 0, 0 a, 0, 0 a, 0, 0 a, 0, 0 a, 0, 1 a, 1, 0 a, 0, 0 a, 0, 0 a, 0, 0 a, 0, 0 a, 0, 0 a, 0, 0 a, 0, 0 a, 0, 0 a, 0, 0 a, 0, 0 a, 0, 0 a, 0, 0 a, 0, 0 a, 0, 0 a, 0, 0 a, 0, 0 a, 0, 0 a, 0, 0 a, 0, 0 a, 0, 1 a, 1, 0 a, 0, 0 a, 0, 0 a, 0, 0 a, 0, 0 a, 0, 0 a, 0, 0 a, 0, 1 a, 1, 0 a, 0, 0 a, 0, 0 a, 0, 0 a, 0, 0 a, 0, 0 a, 0, 0 a, 0, 0 a, 0, 0 a, 0, 0 a, 0, 0 a, 0, 0 a, 0, 20 b, 30, BDBC.csv
97, 3840, 6, 1, 28, 0, 27, 1, 4 a, 6, 3 a, 5, 2 a, 4, 1 a, 3, 1 a, 2, 0 a, 1, 0 a, 0, 2 a, 2, 1 a, 1, 0 a, 1, 0 a, 0, 0 a, 0, 0 a, 0, 0 a, 0, 4 a, 5, 2 a, 2, 1 a, 1, 0 a, 1, 0 a, 0, 0 a, 0, 0 a, 0, 2 a, 2, 0 a, 1, 0 a, 0, 0 a, 0, 0 a, 0, 0 a, 0, 0 a, 0, 4 a, 5, 0 a, 0, 0 a, 0, 0 a, 0, 0 a, 0, 0 a, 0, 0 a, 0, 4 a, 5, 2 a, 4, 0 a, 0, 0 a, 1, 0 a, 1, 0 a, 0, 0 a, 0, 4 a, 5, 3 a, 4, 1 a, 1, 1 a, 2, 1 a, 1, 1 a, 1, 0 a, 0, 0 a, 0, 0 a, 0, 0 a, 0, 0 a, 0, 0 a, 0, 0 a, 0, 0 a, 0, 28 b, 27, rs-6d-c3_obj1.csv
91, 3840, 6, 2, 52, 2, 21, 7, 29 c, 16, 24 b, 16, 21 b, 16, 16 b, 13, 11 a, 9, 7 a, 5, 5 a, 2, 24 b, 18, 15 b, 9, 13 a, 9, 10 a, 6, 7 a, 2, 6 a, 2, 5 a, 1, 25 b, 17, 17 b, 14, 8 a, 4, 8 a, 7, 4 a, 1, 4 a, 1, 3 a, 1, 24 b, 18, 13 a, 11, 10 a, 10, 8 a, 5, 6 a, 1, 5 a, 1, 4 a, 1, 38 d, 18, 14 a, 8, 12 a, 8, 7 a, 6, 5 a, 1, 4 a, 1, 4 a, 1, 34 c, 16, 29 c, 19, 19 b, 15, 20 b, 18, 5 a, 1, 3 a, 1, 3 a, 1, 21 b, 15, 24 b, 20, 9 a, 4, 16 b, 10, 10 a, 6, 13 a, 9, 8 a, 5, 9 a, 5, 5 a, 2, 6 a, 2, 5 a, 1, 6 a, 2, 4 a, 1, 5 a, 1, 52 e, 21, SS-J.csv
92, 2736, 13, 3, 41, 4, 21, 7, 19 b, 11, 16 b, 9, 11 a, 4, 10 a, 4, 8 a, 3, 5 a, 1, 5 a, 0, 16 b, 13, 10 a, 4, 9 a, 4, 7 a, 2, 6 a, 1, 5 a, 1, 5 a, 0, 14 a, 8, 10 a, 5, 10 a, 5, 7 a, 4, 5 a, 0, 5 a, 0, 5 a, 0, 16 b, 13, 12 a, 5, 10 a, 4, 9 a, 4, 6 a, 2, 5 a, 0, 5 a, 0, 15 b, 13, 8 a, 8, 7 a, 8, 7 a, 8, 5 a, 0, 5 a, 0, 4 a, 0, 12 a, 8, 7 a, 3, 7 a, 2, 6 a, 1, 5 a, 1, 5 a, 0, 5 a, 0, 14 a, 8, 15 b, 10, 9 a, 4, 9 a, 4, 7 a, 3, 8 a, 4, 7 a, 2, 7 a, 2, 6 a, 1, 6 a, 1, 5 a, 0, 5 a, 0, 5 a, 0, 5 a, 0, 41 c, 21, SS-Q.csv
100, 3840, 6, 1, 7, 0, 19, 0, 0 a, 0, 0 a, 0, 0 a, 0, 0 a, 0, 0 a, 0, 0 a, 0, 0 a, 0, 0 a, 0, 0 a, 0, 0 a, 0, 0 a, 0, 0 a, 0, 0 a, 0, 0 a, 0, 0 a, 0, 0 a, 0, 0 a, 0, 0 a, 0, 0 a, 0, 0 a, 0, 0 a, 0, 0 a, 0, 0 a, 0, 0 a, 0, 0 a, 0, 0 a, 0, 0 a, 0, 0 a, 0, 0 a, 0, 0 a, 0, 0 a, 0, 0 a, 0, 0 a, 0, 0 a, 0, 0 a, 0, 0 a, 0, 0 a, 0, 0 a, 0, 0 a, 0, 0 a, 0, 0 a, 0, 0 a, 0, 0 a, 0, 0 a, 0, 0 a, 0, 0 a, 0, 0 a, 0, 0 a, 0, 0 a, 0, 0 a, 0, 0 a, 0, 0 a, 0, 0 a, 0, 0 a, 0, 0 a, 0, 0 a, 0, 7 b, 19, rs-6d-c3_obj2.csv
95, 3456, 14, 1, 12, 0, 19, 1, 2 a, 1, 1 a, 1, 1 a, 1, 1 a, 1, 0 a, 0, 0 a, 0, 0 a, 0, 2 a, 1, 1 a, 1, 1 a, 1, 0 a, 0, 0 a, 0, 0 a, 0, 0 a, 0, 1 a, 1, 1 a, 1, 0 a, 0, 0 a, 0, 0 a, 0, 0 a, 0, 0 a, 0, 2 a, 1, 1 a, 1, 0 a, 0, 0 a, 0, 0 a, 0, 0 a, 0, 0 a, 0, 2 a, 1, 1 a, 1, 0 a, 0, 0 a, 0, 0 a, 0, 0 a, 0, 0 a, 0, 2 a, 1, 1 a, 1, 1 a, 0, 1 a, 1, 0 a, 0, 0 a, 0, 0 a, 0, 2 a, 2, 2 a, 1, 1 a, 1, 1 a, 1, 1 a, 1, 1 a, 1, 1 a, 1, 1 a, 1, 0 a, 0, 1 a, 0, 0 a, 0, 0 a, 0, 0 a, 0, 0 a, 0, 12 b, 19, HSMGP_num.csv
92, 3840, 6, 2, 24, 0, 20, 2, 7 a, 5, 5 a, 3, 4 a, 2, 3 a, 1, 2 a, 2, 1 a, 1, 1 a, 1, 3 a, 2, 2 a, 2, 2 a, 1, 1 a, 1, 1 a, 1, 1 a, 1, 0 a, 0, 5 a, 4, 3 a, 2, 2 a, 1, 1 a, 1, 1 a, 1, 0 a, 0, 0 a, 0, 3 a, 2, 2 a, 2, 1 a, 1, 1 a, 1, 1 a, 1, 1 a, 0, 0 a, 0, 6 a, 4, 3 a, 2, 2 a, 2, 2 a, 2, 2 a, 2, 2 a, 1, 1 a, 1, 7 a, 3, 4 a, 3, 3 a, 2, 2 a, 2, 1 a, 1, 1 a, 1, 0 a, 0, 5 a, 3, 6 a, 5, 3 a, 2, 3 a, 2, 2 a, 1, 2 a, 1, 1 a, 1, 1 a, 1, 1 a, 1, 1 a, 1, 1 a, 1, 1 a, 1, 0 a, 0, 0 a, 0, 24 b, 20, SS-S.csv
92, 4096, 12, 1, 33, 0, 23, 3, 7 a, 7, 6 a, 7, 3 a, 3, 2 a, 3, 0 a, 0, 0 a, 0, 0 a, 0, 9 a, 8, 4 a, 6, 2 a, 3, 1 a, 2, 0 a, 0, 0 a, 0, 0 a, 0, 9 a, 7, 5 a, 5, 3 a, 5, 2 a, 4, 0 a, 0, 0 a, 0, 0 a, 0, 9 a, 8, 3 a, 5, 3 a, 5, 3 a, 5, 1 a, 2, 0 a, 2, 0 a, 0, 10 a, 8, 3 a, 5, 2 a, 3, 1 a, 2, 0 a, 0, 0 a, 0, 0 a, 0, 8 a, 7, 5 a, 5, 2 a, 3, 1 a, 3, 0 a, 2, 0 a, 0, 0 a, 0, 8 a, 7, 10 a, 9, 4 a, 5, 5 a, 6, 4 a, 4, 2 a, 4, 1 a, 2, 2 a, 3, 1 a, 3, 0 a, 0, 0 a, 0, 0 a, 0, 0 a, 0, 0 a, 0, 33 b, 23, deeparch.csv
49, 10000, 5, 3, 59, 16, 15, 38, 52 b, 12, 57 b, 16, 74 d, 8, 41 a, 3, 51 b, 15, 70 d, 13, 54 b, 13, 43 a, 3, 41 a, 3, 39 a, 3, 40 a, 3, 37 a, 5, 41 a, 2, 36 a, 5, 43 a, 2, 39 a, 6, 42 a, 2, 39 a, 4, 38 a, 3, 36 a, 4, 29 a, 7, 46 b, 8, 42 a, 3, 40 a, 5, 40 a, 2, 39 a, 2, 34 a, 7, 34 a, 5, 43 a, 2, 36 a, 8, 36 a, 7, 36 a, 7, 34 a, 8, 32 a, 8, 29 a, 9, 42 a, 3, 41 a, 3, 41 a, 2, 40 a, 4, 37 a, 6, 33 a, 8, 33 a, 5, 43 a, 3, 43 a, 3, 40 a, 4, 42 a, 2, 41 a, 3, 41 a, 3, 40 a, 4, 40 a, 3, 38 a, 5, 38 a, 5, 34 a, 7, 37 a, 5, 34 a, 5, 35 a, 5, 59 c, 15, Health-ClosedIssues0001.csv
98, 10000, 5, 3, 54, 0, 36, 1, 39 c, 40, 78 d, 0, 78 d, 0, 78 d, 0, 78 d, 0, 78 d, 0, 39 c, 40, 0 a, 0, 4 a, 17, 0 a, 0, 0 a, 0, 0 a, 0, 0 a, 0, 77 d, 0, 50 c, 38, 0 a, 0, 19 b, 35, 50 c, 38, 4 a, 17, 0 a, 0, 0 a, 0, 66 c, 29, 0 a, 0, 0 a, 0, 0 a, 0, 0 a, 0, 31 b, 39, 11 a, 27, 4 a, 18, 0 a, 0, 0 a, 0, 0 a, 0, 0 a, 0, 0 a, 0, 0 a, 0, 12 a, 29, 0 a, 0, 0 a, 0, 0 a, 0, 0 a, 0, 0 a, 0, 0 a, 0, 0 a, 0, 8 a, 24, 0 a, 0, 0 a, 0, 0 a, 0, 0 a, 0, 0 a, 0, 0 a, 0, 0 a, 0, 0 a, 0, 0 a, 0, 0 a, 0, 0 a, 0, 0 a, 0, 54 c, 36, Health-ClosedPRs0005.csv
96, 10000, 5, 3, 56, 0, 20, 2, 60 d, 14, 63 e, 1, 63 e, 0, 9 a, 22, 63 e, 0, 3 a, 14, 50 d, 26, 24 b, 30, 9 a, 22, 9 a, 22, 0 a, 0, 63 d, 0, 0 a, 0, 0 a, 0, 24 b, 31, 37 c, 31, 37 c, 31, 63 d, 0, 0 a, 0, 0 a, 0, 0 a, 0, 43 c, 29, 3 a, 14, 3 a, 14, 63 d, 0, 63 d, 0, 0 a, 0, 0 a, 0, 15 b, 27, 0 a, 0, 0 a, 0, 0 a, 0, 0 a, 0, 0 a, 0, 0 a, 0, 31 c, 32, 6 a, 19, 3 a, 14, 0 a, 0, 3 a, 14, 0 a, 0, 0 a, 0, 21 b, 30, 40 c, 30, 12 a, 25, 21 b, 30, 12 a, 25, 3 a, 14, 3 a, 14, 0 a, 0, 0 a, 0, 0 a, 0, 0 a, 0, 0 a, 0, 0 a, 0, 0 a, 0, 56 d, 20, Health-ClosedPRs0007.csv
81, 10000, 5, 3, 55, 16, 12, 23, 52 d, 11, 39 c, 8, 33 b, 9, 56 e, 10, 33 b, 9, 35 b, 10, 31 b, 12, 48 d, 2, 32 b, 8, 27 a, 5, 27 a, 5, 36 c, 8, 23 a, 2, 22 a, 2, 36 c, 9, 33 b, 8, 30 b, 8, 26 a, 5, 24 a, 3, 21 a, 2, 21 a, 2, 46 d, 9, 28 b, 5, 27 a, 5, 25 a, 2, 24 a, 2, 25 a, 5, 20 a, 2, 40 c, 10, 32 b, 8, 28 b, 7, 26 a, 5, 23 a, 4, 21 a, 2, 18 a, 3, 38 c, 11, 33 b, 9, 30 b, 8, 28 b, 7, 24 a, 3, 22 a, 3, 21 a, 3, 40 c, 9, 38 c, 9, 35 b, 6, 34 b, 8, 31 b, 7, 30 b, 6, 30 b, 6, 30 b, 7, 25 a, 3, 26 a, 5, 24 a, 3, 23 a, 2, 22 a, 3, 23 a, 2, 55 e, 12, Health-ClosedIssues0008.csv
98, 10000, 5, 3, 53, 0, 37, 1, 0 a, 0, 0 a, 0, 4 a, 18, 0 a, 0, 0 a, 0, 80 d, 0, 76 d, 16, 0 a, 0, 0 a, 0, 79 d, 0, 0 a, 0, 0 a, 0, 68 d, 25, 0 a, 0, 32 b, 40, 40 b, 41, 12 a, 29, 4 a, 18, 0 a, 0, 0 a, 0, 59 c, 35, 79 d, 0, 24 b, 37, 0 a, 0, 79 d, 0, 0 a, 0, 0 a, 0, 16 b, 32, 8 a, 24, 0 a, 0, 0 a, 0, 0 a, 0, 0 a, 0, 0 a, 0, 0 a, 0, 8 a, 24, 0 a, 0, 0 a, 0, 0 a, 0, 0 a, 0, 0 a, 0, 0 a, 0, 0 a, 0, 8 a, 24, 0 a, 0, 0 a, 0, 0 a, 0, 0 a, 0, 0 a, 0, 0 a, 0, 0 a, 0, 0 a, 0, 0 a, 0, 0 a, 0, 0 a, 0, 0 a, 0, 53 c, 37, Health-ClosedPRs0011.csv
95, 1460, 77, 4, 63, 21, 6, 23, 52 f, 4, 46 e, 14, 54 g, 12, 45 e, 9, 50 f, 16, 57 g, 6, 57 g, 5, 52 f, 7, 51 f, 4, 43 d, 10, 41 d, 11, 45 e, 7, 31 b, 11, 23 a, 6, 56 g, 3, 53 f, 5, 48 e, 6, 47 e, 8, 48 e, 4, 40 d, 8, 32 b, 11, 44 d, 9, 46 e, 5, 45 e, 10, 42 d, 7, 36 c, 7, 36 c, 7, 33 b, 8, 56 g, 7, 56 g, 7, 55 g, 7, 55 g, 6, 54 g, 6, 53 f, 7, 51 f, 8, 58 h, 4, 54 g, 7, 48 e, 8, 45 e, 8, 40 c, 8, 37 c, 7, 33 b, 3, 52 f, 9, 54 g, 4, 53 g, 4, 50 f, 7, 50 f, 6, 51 f, 6, 51 f, 4, 50 f, 5, 44 d, 7, 47 e, 5, 42 d, 6, 44 d, 8, 34 b, 9, 36 c, 9, 63 i, 6, home_data_for_ml_course.csv
47, 10000, 5, 3, 76, 0, 19, 40, 54 b, 12, 85 d, 12, 90 e, 2, 54 b, 12, 86 e, 14, 62 c, 24, 88 e, 3, 50 b, 1, 49 b, 4, 48 b, 6, 49 b, 3, 50 b, 3, 48 b, 5, 42 a, 11, 63 c, 19, 89 e, 0, 48 b, 8, 48 b, 8, 48 b, 8, 38 a, 19, 38 a, 18, 50 b, 1, 49 b, 4, 81 d, 16, 71 d, 31, 49 b, 4, 35 a, 32, 45 a, 7, 53 b, 13, 45 a, 10, 44 a, 10, 43 a, 10, 40 a, 11, 37 a, 11, 34 a, 12, 60 c, 17, 50 b, 0, 45 a, 14, 50 b, 0, 48 b, 5, 38 a, 11, 39 a, 15, 50 b, 0, 54 b, 12, 49 b, 7, 50 b, 0, 49 b, 6, 50 b, 0, 49 b, 5, 49 b, 5, 44 a, 10, 50 b, 1, 40 a, 14, 47 b, 8, 37 a, 14, 42 a, 14, 76 d, 19, Health-Commits0002.csv
81, 10000, 5, 3, 46, 18, 6, 23, 38 e, 8, 41 e, 10, 34 d, 6, 43 f, 7, 36 d, 9, 43 f, 9, 26 b, 7, 43 e, 7, 35 d, 2, 31 c, 6, 33 c, 8, 30 c, 6, 32 c, 6, 25 a, 5, 36 d, 4, 35 d, 4, 35 d, 6, 32 c, 6, 32 c, 7, 23 a, 5, 22 a, 2, 39 e, 7, 33 c, 6, 36 d, 6, 34 d, 5, 29 c, 6, 25 a, 6, 23 a, 5, 40 e, 8, 31 c, 6, 30 c, 7, 28 b, 7, 25 a, 7, 25 a, 8, 22 a, 7, 41 e, 7, 37 d, 6, 36 d, 5, 32 c, 6, 28 b, 6, 24 a, 5, 20 a, 2, 37 d, 7, 38 d, 6, 35 d, 6, 37 d, 4, 31 c, 7, 34 d, 6, 32 c, 6, 32 c, 6, 26 b, 6, 29 c, 6, 24 a, 4, 26 b, 5, 23 a, 6, 23 a, 2, 46 g, 6, Health-Commits0008.csv
60, 10000, 5, 3, 49, 9, 21, 25, 40 b, 17, 69 d, 10, 35 b, 5, 81 e, 0, 50 c, 10, 48 b, 30, 39 b, 14, 32 a, 2, 30 a, 3, 28 a, 3, 27 a, 5, 51 c, 9, 25 a, 3, 34 b, 12, 30 a, 4, 29 a, 4, 25 a, 5, 25 a, 4, 23 a, 4, 21 a, 4, 19 a, 3, 30 a, 3, 28 a, 3, 24 a, 4, 26 a, 4, 25 a, 4, 22 a, 3, 18 a, 3, 31 a, 3, 28 a, 5, 26 a, 5, 26 a, 5, 24 a, 4, 22 a, 5, 19 a, 3, 30 a, 3, 29 a, 4, 27 a, 6, 28 a, 4, 25 a, 3, 22 a, 5, 20 a, 4, 30 a, 4, 30 a, 3, 27 a, 4, 27 a, 5, 26 a, 6, 27 a, 5, 27 a, 4, 26 a, 4, 24 a, 4, 22 a, 4, 21 a, 4, 20 a, 4, 20 a, 4, 18 a, 4, 49 c, 21, Health-Commits0006.csv
97, 10000, 5, 3, 54, 2, 36, 4, 14 a, 28, 60 c, 34, 79 d, 0, 79 d, 0, 2 a, 0, 79 d, 0, 79 d, 0, 2 a, 0, 2 a, 0, 2 a, 0, 78 d, 0, 2 a, 0, 2 a, 0, 2 a, 0, 14 a, 28, 2 a, 0, 25 b, 36, 2 a, 0, 2 a, 0, 2 a, 0, 2 a, 0, 79 d, 0, 2 a, 0, 75 d, 15, 71 d, 22, 2 a, 0, 2 a, 0, 2 a, 0, 10 a, 23, 3 a, 1, 3 a, 1, 3 a, 1, 3 a, 2, 4 a, 4, 4 a, 2, 14 a, 28, 6 a, 17, 3 a, 2, 3 a, 5, 3 a, 1, 4 a, 5, 3 a, 2, 2 a, 0, 10 a, 24, 2 a, 0, 2 a, 0, 2 a, 0, 2 a, 0, 2 a, 0, 2 a, 0, 2 a, 0, 2 a, 0, 2 a, 0, 2 a, 0, 2 a, 0, 2 a, 0, 54 c, 36, Health-ClosedPRs0002.csv
93, 10000, 5, 3, 83, 28, 15, 31, 90 f, 4, 91 f, 2, 56 c, 24, 49 b, 24, 41 b, 22, 39 a, 20, 79 e, 12, 53 c, 23, 88 e, 5, 34 a, 17, 39 a, 20, 32 a, 14, 28 a, 0, 50 b, 23, 65 d, 26, 64 d, 25, 56 c, 24, 66 d, 21, 32 a, 14, 34 a, 17, 30 a, 10, 39 a, 20, 46 b, 23, 52 b, 23, 34 a, 17, 84 e, 7, 28 a, 0, 28 a, 0, 60 c, 22, 32 a, 13, 32 a, 13, 32 a, 13, 32 a, 13, 32 a, 14, 30 a, 11, 59 c, 24, 41 b, 21, 35 a, 18, 32 a, 14, 28 a, 0, 28 a, 0, 28 a, 0, 57 c, 22, 66 d, 20, 57 c, 22, 53 b, 23, 46 b, 23, 43 b, 22, 34 a, 17, 38 a, 19, 28 a, 0, 28 a, 0, 28 a, 0, 28 a, 0, 28 a, 0, 28 a, 0, 83 e, 15, Health-ClosedPRs0004.csv
97, 5160, 9, 1, 76, 0, 37, 3, 82 d, 34, 58 c, 47, 58 c, 47, 65 c, 40, 65 c, 40, 73 c, 34, 52 c, 44, 30 b, 30, 8 a, 18, 2 a, 11, 0 a, 0, 0 a, 0, 0 a, 0, 0 a, 0, 10 a, 21, 25 b, 26, 13 a, 22, 5 a, 15, 8 a, 18, 0 a, 0, 0 a, 0, 12 a, 22, 5 a, 15, 0 a, 0, 0 a, 0, 0 a, 0, 0 a, 0, 0 a, 0, 20 b, 25, 2 a, 11, 0 a, 0, 0 a, 0, 0 a, 0, 0 a, 0, 0 a, 0, 25 b, 38, 10 a, 21, 5 a, 15, 10 a, 26, 0 a, 0, 0 a, 0, 0 a, 0, 25 b, 34, 35 b, 40, 18 b, 34, 8 a, 24, 2 a, 11, 5 a, 15, 0 a, 0, 0 a, 0, 0 a, 0, 0 a, 0, 0 a, 0, 0 a, 0, 0 a, 0, 0 a, 0, 76 d, 37, dataset600.csv
76, 10000, 5, 3, 85, 49, 6, 58, 86 e, 0, 85 e, 7, 84 d, 9, 69 b, 14, 72 c, 15, 69 b, 15, 74 c, 14, 82 d, 10, 72 c, 14, 85 e, 5, 63 b, 12, 79 d, 11, 57 a, 1, 57 a, 1, 80 d, 12, 84 d, 6, 73 c, 15, 71 c, 14, 62 a, 12, 60 a, 9, 56 a, 3, 82 d, 10, 73 c, 14, 83 d, 8, 70 b, 14, 60 a, 9, 64 b, 12, 65 b, 15, 79 d, 12, 67 b, 13, 64 b, 12, 62 a, 11, 58 a, 7, 57 a, 7, 57 a, 7, 80 d, 12, 72 c, 14, 67 b, 14, 66 b, 12, 62 b, 10, 57 a, 1, 56 a, 3, 79 d, 13, 81 d, 10, 69 b, 14, 80 d, 11, 68 b, 14, 71 c, 14, 63 b, 11, 65 b, 13, 58 a, 7, 59 a, 7, 57 a, 1, 57 a, 2, 56 a, 2, 57 a, 1, 85 e, 6, Health-ClosedPRs0008.csv
97, 10000, 5, 3, 66, 0, 35, 2, 43 c, 45, 82 e, 20, 8 a, 24, 82 e, 19, 87 e, 1, 0 a, 0, 17 a, 36, 85 e, 1, 0 a, 0, 0 a, 0, 0 a, 0, 0 a, 0, 0 a, 0, 0 a, 0, 59 c, 39, 40 c, 41, 7 a, 22, 4 a, 19, 8 a, 26, 0 a, 0, 0 a, 0, 86 e, 1, 0 a, 0, 79 e, 19, 0 a, 0, 0 a, 0, 0 a, 0, 16 a, 33, 9 a, 26, 0 a, 0, 0 a, 0, 0 a, 0, 0 a, 0, 0 a, 0, 0 a, 0, 16 a, 32, 0 a, 0, 0 a, 0, 0 a, 0, 0 a, 0, 0 a, 0, 0 a, 0, 7 a, 22, 19 b, 34, 0 a, 0, 11 a, 26, 0 a, 0, 0 a, 0, 0 a, 0, 0 a, 0, 0 a, 0, 0 a, 0, 0 a, 0, 0 a, 0, 0 a, 0, 0 a, 0, 66 d, 35, Health-ClosedIssues0011.csv
84, 2938, 20, 2, 39, 1, 18, 7, 35 c, 9, 35 c, 4, 31 c, 6, 31 c, 4, 29 c, 6, 23 b, 9, 16 b, 7, 35 c, 5, 29 c, 6, 29 c, 5, 28 c, 5, 24 b, 5, 23 b, 5, 11 a, 5, 33 c, 7, 37 c, 8, 33 c, 4, 34 c, 7, 28 c, 7, 28 c, 5, 20 b, 7, 15 b, 5, 18 b, 8, 22 b, 9, 10 a, 4, 7 a, 3, 7 a, 3, 6 a, 3, 17 b, 5, 14 b, 6, 13 a, 5, 10 a, 6, 6 a, 4, 3 a, 2, 2 a, 1, 18 b, 6, 12 a, 6, 10 a, 4, 7 a, 4, 4 a, 2, 2 a, 1, 2 a, 1, 20 b, 7, 15 b, 6, 15 b, 5, 20 b, 7, 13 a, 4, 15 b, 4, 11 a, 5, 12 a, 4, 9 a, 5, 9 a, 3, 6 a, 4, 7 a, 3, 4 a, 2, 4 a, 2, 39 d, 18, Life_Expectancy_Data.csv
81, 10000, 5, 3, 61, 10, 5, 19, 53 g, 7, 64 k, 1, 54 g, 7, 56 h, 8, 53 g, 11, 51 g, 8, 41 e, 14, 56 h, 2, 54 h, 4, 52 g, 6, 51 g, 5, 54 g, 7, 43 e, 6, 34 d, 13, 58 i, 5, 48 f, 10, 42 e, 10, 42 e, 14, 37 d, 12, 25 b, 10, 19 a, 5, 62 j, 2, 50 g, 8, 53 g, 6, 50 g, 5, 46 f, 11, 36 d, 12, 26 b, 10, 54 g, 6, 45 f, 8, 41 e, 9, 40 d, 10, 34 d, 11, 27 b, 12, 20 a, 16, 51 g, 11, 52 g, 6, 49 f, 10, 47 f, 8, 38 d, 13, 29 c, 12, 22 b, 6, 55 h, 5, 54 h, 6, 49 f, 6, 52 g, 5, 47 f, 7, 48 f, 10, 46 f, 9, 47 f, 7, 40 e, 11, 46 f, 8, 37 d, 9, 40 d, 8, 36 d, 8, 36 d, 9, 61 j, 5, Health-ClosedPRs0010.csv
43, 10000, 5, 3, 34, 13, 6, 25, 32 c, 3, 29 b, 3, 30 b, 3, 27 a, 2, 34 d, 8, 25 a, 3, 29 b, 7, 31 c, 1, 28 b, 2, 27 a, 2, 26 a, 1, 25 a, 1, 23 a, 4, 24 a, 2, 30 b, 3, 28 b, 2, 26 a, 5, 29 b, 2, 25 a, 3, 26 a, 2, 24 a, 4, 31 c, 2, 28 b, 3, 27 a, 2, 31 c, 1, 25 a, 5, 28 b, 3, 23 a, 6, 30 b, 2, 30 b, 2, 29 b, 2, 28 b, 3, 26 a, 4, 26 a, 4, 25 a, 5, 31 c, 2, 29 b, 3, 29 b, 3, 29 b, 3, 26 a, 4, 24 a, 4, 23 a, 4, 29 b, 2, 30 b, 2, 28 b, 1, 28 b, 2, 27 a, 2, 27 b, 1, 27 a, 2, 27 a, 2, 25 a, 2, 26 a, 1, 24 a, 3, 25 a, 2, 24 a, 2, 22 a, 4, 34 d, 6, Health-ClosedIssues0004.csv
67, 10000, 5, 3, 51, 16, 17, 28, 35 b, 12, 54 d, 12, 45 c, 12, 31 a, 10, 61 e, 10, 45 c, 17, 58 e, 11, 32 a, 4, 30 a, 2, 30 a, 2, 27 a, 2, 27 a, 2, 26 a, 2, 23 a, 2, 34 b, 4, 32 a, 4, 33 a, 6, 34 b, 4, 29 a, 4, 27 a, 4, 24 a, 4, 43 c, 3, 30 a, 2, 40 b, 4, 28 a, 2, 28 a, 5, 30 a, 2, 21 a, 3, 37 b, 12, 31 a, 8, 29 a, 2, 28 a, 2, 26 a, 3, 24 a, 4, 21 a, 3, 37 b, 12, 29 a, 3, 30 a, 3, 29 a, 2, 26 a, 4, 24 a, 2, 22 a, 3, 31 a, 3, 32 a, 4, 29 a, 4, 31 a, 2, 30 a, 2, 29 a, 3, 29 a, 3, 29 a, 3, 28 a, 3, 27 a, 2, 25 a, 3, 25 a, 3, 23 a, 3, 24 a, 3, 51 d, 17, Health-Commits0010.csv
77, 10000, 5, 3, 24, 7, 10, 11, 14 a, 3, 26 c, 9, 12 a, 2, 12 a, 1, 16 b, 8, 18 b, 10, 18 b, 10, 16 b, 4, 12 a, 2, 14 a, 2, 11 a, 1, 10 a, 1, 10 a, 1, 9 a, 1, 14 a, 3, 12 a, 2, 12 a, 1, 11 a, 2, 10 a, 1, 9 a, 1, 9 a, 1, 15 b, 5, 12 a, 2, 12 a, 1, 11 a, 1, 10 a, 1, 10 a, 1, 9 a, 1, 13 a, 2, 12 a, 2, 11 a, 1, 11 a, 1, 10 a, 1, 9 a, 1, 9 a, 1, 14 a, 2, 12 a, 2, 12 a, 1, 11 a, 2, 11 a, 1, 9 a, 1, 9 a, 1, 14 a, 2, 13 a, 2, 12 a, 2, 13 a, 2, 12 a, 2, 12 a, 2, 11 a, 2, 11 a, 2, 10 a, 1, 11 a, 1, 10 a, 1, 10 a, 1, 9 a, 0, 10 a, 1, 24 c, 10, Health-Commits0009.csv
91, 5184, 12, 2, 29, 3, 21, 5, 8 a, 2, 6 a, 2, 6 a, 2, 6 a, 2, 5 a, 2, 4 a, 1, 4 a, 1, 7 a, 2, 6 a, 2, 5 a, 2, 5 a, 1, 4 a, 1, 4 a, 1, 3 a, 0, 8 a, 2, 7 a, 2, 6 a, 2, 5 a, 2, 4 a, 1, 3 a, 1, 3 a, 0, 7 a, 2, 6 a, 2, 6 a, 2, 5 a, 2, 4 a, 2, 4 a, 1, 4 a, 1, 10 a, 7, 6 a, 2, 6 a, 2, 5 a, 2, 5 a, 2, 5 a, 1, 5 a, 1, 11 a, 3, 7 a, 2, 6 a, 2, 6 a, 1, 4 a, 1, 4 a, 1, 3 a, 0, 8 a, 3, 7 a, 2, 5 a, 2, 5 a, 2, 4 a, 1, 5 a, 1, 4 a, 1, 5 a, 1, 4 a, 0, 4 a, 0, 3 a, 0, 3 a, 0, 3 a, 0, 3 a, 0, 29 b, 21, SS-T.csv
60, 4400, 9, 1, 55, 0, 12, 22, 41 c, 8, 39 c, 8, 37 c, 6, 35 b, 7, 28 b, 8, 24 a, 6, 21 a, 6, 40 c, 11, 35 b, 9, 33 b, 7, 30 b, 7, 26 b, 5, 23 a, 5, 20 a, 5, 43 c, 6, 35 b, 8, 35 b, 11, 34 b, 8, 31 b, 6, 29 b, 7, 21 a, 8, 40 c, 11, 37 c, 9, 35 b, 8, 32 b, 6, 26 b, 9, 23 a, 8, 19 a, 9, 39 c, 10, 35 b, 7, 33 b, 9, 32 b, 9, 29 b, 8, 27 b, 7, 24 a, 7, 39 c, 8, 38 c, 7, 34 b, 7, 30 b, 7, 28 b, 6, 26 a, 7, 22 a, 5, 43 c, 6, 41 c, 8, 34 b, 10, 34 b, 7, 33 b, 6, 34 b, 7, 34 b, 6, 31 b, 7, 27 b, 5, 27 b, 6, 22 a, 8, 22 a, 8, 20 a, 6, 22 a, 6, 55 d, 12, redis.csv
80, 10000, 5, 3, 60, 7, 29, 17, 77 d, 14, 74 d, 19, 77 d, 14, 30 b, 26, 75 d, 14, 73 d, 15, 76 d, 4, 24 a, 19, 17 a, 3, 78 d, 6, 17 a, 3, 17 a, 3, 18 a, 1, 14 a, 5, 79 d, 1, 36 b, 29, 17 a, 3, 21 a, 13, 18 a, 1, 16 a, 4, 74 d, 1, 58 c, 30, 76 d, 15, 79 d, 1, 17 a, 3, 17 a, 3, 16 a, 4, 14 a, 5, 23 a, 19, 17 a, 4, 17 a, 4, 17 a, 4, 17 a, 6, 15 a, 5, 14 a, 5, 33 b, 27, 18 a, 3, 18 a, 3, 17 a, 6, 18 a, 3, 17 a, 6, 14 a, 5, 17 a, 3, 24 a, 19, 18 a, 2, 18 a, 0, 18 a, 1, 18 a, 0, 17 a, 3, 18 a, 0, 16 a, 4, 17 a, 3, 15 a, 5, 17 a, 3, 15 a, 5, 15 a, 5, 60 c, 29, Health-ClosedIssues0002.csv
98, 10000, 5, 3, 60, 2, 10, 3, 62 j, 0, 40 g, 28, 43 g, 28, 31 e, 30, 62 j, 2, 11 b, 22, 61 j, 1, 45 g, 26, 61 j, 0, 34 e, 30, 28 e, 30, 22 d, 28, 5 a, 13, 5 a, 13, 58 i, 13, 48 h, 24, 42 g, 27, 61 j, 1, 13 b, 24, 16 c, 26, 2 a, 0, 57 i, 13, 31 e, 30, 61 j, 0, 61 j, 0, 13 b, 23, 27 e, 29, 54 i, 18, 46 h, 26, 31 e, 30, 31 e, 30, 25 d, 29, 14 b, 24, 11 b, 21, 8 b, 18, 52 h, 21, 40 g, 29, 37 f, 30, 34 f, 30, 11 b, 22, 5 a, 13, 2 a, 0, 45 g, 26, 57 i, 13, 42 g, 27, 40 g, 28, 34 e, 30, 40 g, 28, 28 e, 29, 36 f, 29, 10 b, 21, 22 d, 28, 8 b, 18, 12 b, 22, 2 a, 0, 2 a, 0, 60 j, 10, Health-ClosedPRs0006.csv
88, 10000, 5, 3, 53, 11, 8, 16, 43 f, 12, 37 e, 9, 58 i, 4, 39 e, 6, 44 f, 4, 51 h, 3, 42 f, 19, 45 f, 4, 33 d, 8, 30 d, 9, 26 c, 6, 26 c, 7, 44 f, 2, 16 a, 5, 43 f, 5, 45 f, 6, 40 f, 5, 39 e, 5, 29 d, 8, 20 b, 8, 19 b, 4, 47 g, 4, 51 h, 4, 45 f, 3, 34 d, 6, 26 c, 6, 41 f, 2, 40 f, 1, 45 f, 6, 35 e, 11, 31 d, 11, 29 c, 11, 23 c, 10, 19 b, 8, 15 a, 7, 43 f, 10, 37 e, 9, 35 e, 10, 31 d, 9, 27 c, 8, 23 c, 6, 17 a, 5, 38 e, 7, 43 f, 5, 38 e, 8, 39 e, 7, 35 e, 9, 38 e, 6, 34 d, 8, 32 d, 8, 27 c, 9, 30 d, 7, 24 c, 8, 22 b, 7, 21 b, 6, 20 b, 6, 53 h, 8, Health-Commits0003.csv
95, 10000, 5, 3, 64, 15, 33, 17, 30 b, 28, 20 a, 15, 85 d, 2, 61 c, 34, 83 d, 16, 84 d, 3, 37 b, 33, 85 d, 1, 16 a, 0, 16 a, 0, 16 a, 0, 84 d, 1, 16 a, 0, 79 d, 11, 65 c, 32, 16 a, 0, 16 a, 0, 16 a, 0, 16 a, 0, 16 a, 0, 16 a, 0, 85 d, 1, 85 d, 1, 84 d, 1, 84 d, 1, 16 a, 0, 79 d, 11, 16 a, 0, 20 a, 15, 16 a, 0, 16 a, 0, 16 a, 0, 16 a, 0, 16 a, 0, 16 a, 1, 27 a, 25, 16 a, 0, 16 a, 0, 16 a, 0, 16 a, 0, 16 a, 0, 16 a, 0, 16 a, 0, 23 a, 21, 16 a, 0, 16 a, 0, 16 a, 0, 16 a, 0, 16 a, 0, 16 a, 0, 16 a, 0, 16 a, 0, 16 a, 0, 16 a, 0, 16 a, 0, 16 a, 0, 64 c, 33, Health-Commits0001.csv
75, 10000, 5, 3, 35, 6, 7, 14, 32 e, 10, 32 e, 7, 21 b, 6, 23 c, 7, 39 g, 11, 28 d, 7, 26 c, 12, 30 d, 5, 23 c, 7, 20 b, 6, 27 d, 4, 23 c, 3, 21 b, 2, 13 a, 3, 25 c, 7, 24 c, 7, 22 b, 6, 15 a, 3, 20 b, 3, 14 a, 3, 13 a, 3, 26 c, 8, 22 b, 7, 16 b, 6, 15 a, 5, 23 c, 2, 12 a, 2, 22 b, 2, 27 d, 6, 23 c, 5, 21 b, 5, 19 b, 5, 15 a, 4, 13 a, 3, 11 a, 2, 27 d, 6, 24 c, 6, 19 b, 6, 19 b, 6, 15 a, 2, 13 a, 2, 12 a, 3, 28 d, 6, 28 d, 5, 22 b, 6, 24 c, 6, 20 b, 4, 23 c, 6, 20 b, 5, 20 b, 5, 18 b, 4, 18 b, 5, 14 a, 3, 14 a, 3, 13 a, 3, 14 a, 2, 35 f, 7, Health-ClosedIssues0003.csv
79, 10000, 5, 3, 46, 7, 5, 15, 42 g, 9, 45 h, 5, 43 g, 3, 38 f, 9, 47 h, 4, 44 g, 4, 37 f, 13, 42 g, 7, 41 g, 6, 33 e, 8, 35 e, 9, 39 f, 3, 24 c, 6, 25 c, 6, 38 f, 8, 37 f, 10, 34 e, 9, 36 f, 9, 21 b, 7, 19 b, 4, 19 b, 10, 44 h, 2, 35 e, 8, 29 d, 8, 32 e, 8, 36 f, 3, 20 b, 6, 26 d, 10, 45 h, 2, 39 f, 7, 33 e, 10, 32 e, 9, 29 d, 9, 19 b, 7, 15 a, 3, 42 g, 8, 39 f, 7, 34 e, 10, 37 f, 8, 27 d, 8, 20 b, 8, 15 a, 5, 44 h, 2, 42 g, 6, 34 e, 10, 40 f, 6, 36 e, 8, 34 e, 9, 35 e, 7, 34 e, 8, 27 d, 6, 30 e, 7, 24 c, 5, 24 c, 8, 20 b, 7, 22 b, 7, 46 h, 5, Health-ClosedIssues0009.csv
28, 10000, 5, 3, 31, 0, 14, 22, 23 a, 1, 24 a, 0, 22 a, 0, 22 a, 0, 25 a, 1, 26 a, 10, 20 a, 7, 23 a, 0, 22 a, 0, 22 a, 1, 22 a, 0, 22 a, 0, 23 a, 0, 23 a, 0, 23 a, 1, 23 a, 0, 23 a, 0, 23 a, 0, 23 a, 1, 21 a, 5, 20 a, 6, 23 a, 1, 23 a, 0, 23 a, 0, 22 a, 0, 22 a, 1, 22 a, 1, 23 a, 0, 22 a, 3, 22 a, 3, 22 a, 3, 22 a, 3, 21 a, 3, 20 a, 5, 15 a, 9, 23 a, 1, 23 a, 0, 22 a, 0, 23 a, 1, 23 a, 1, 21 a, 6, 20 a, 7, 23 a, 0, 23 a, 0, 23 a, 0, 23 a, 1, 22 a, 0, 22 a, 0, 22 a, 0, 22 a, 0, 22 a, 3, 22 a, 1, 21 a, 3, 22 a, 0, 21 a, 3, 21 a, 3, 31 b, 14, Health-Commits0004.csv
81, 10000, 5, 3, 25, 0, 12, 5, 14 b, 8, 11 b, 7, 25 d, 13, 18 c, 11, 10 b, 7, 24 d, 5, 3 a, 2, 12 b, 7, 6 a, 2, 6 a, 2, 6 a, 2, 4 a, 2, 3 a, 2, 2 a, 1, 12 b, 6, 7 a, 2, 6 a, 2, 5 a, 3, 5 a, 3, 4 a, 3, 2 a, 1, 10 b, 6, 11 b, 6, 6 a, 2, 6 a, 2, 4 a, 2, 4 a, 3, 2 a, 2, 13 b, 7, 8 a, 6, 6 a, 4, 6 a, 4, 4 a, 3, 4 a, 3, 3 a, 3, 12 b, 6, 8 a, 5, 7 a, 2, 7 a, 1, 4 a, 2, 3 a, 2, 2 a, 1, 10 b, 6, 10 b, 6, 10 b, 6, 9 a, 5, 6 a, 4, 7 a, 3, 7 a, 2, 6 a, 2, 5 a, 2, 5 a, 3, 3 a, 2, 4 a, 3, 3 a, 2, 3 a, 1, 25 d, 12, Health-ClosedIssues0006.csv
33, 10000, 5, 3, 52, 23, 3, 42, 51 e, 1, 48 d, 2, 47 c, 6, 50 d, 7, 52 e, 4, 47 c, 3, 49 d, 7, 49 d, 1, 47 c, 1, 47 c, 1, 47 c, 2, 44 b, 2, 45 b, 3, 42 a, 2, 50 d, 4, 49 d, 4, 48 c, 4, 48 d, 1, 45 b, 3, 45 b, 3, 43 a, 4, 51 e, 1, 48 c, 2, 46 c, 1, 47 c, 1, 46 c, 4, 46 b, 4, 49 d, 1, 49 d, 1, 46 c, 3, 45 b, 3, 45 b, 3, 45 b, 3, 44 b, 3, 42 a, 3, 49 d, 1, 47 c, 2, 47 c, 2, 46 b, 3, 46 b, 3, 45 b, 3, 43 a, 3, 48 d, 3, 49 d, 2, 48 c, 2, 48 c, 1, 47 c, 2, 47 c, 2, 47 c, 2, 47 c, 2, 45 b, 2, 46 c, 2, 45 b, 2, 45 b, 2, 41 a, 6, 42 a, 3, 52 e, 3, Health-ClosedIssues0010.csv
97, 10000, 5, 3, 56, 8, 33, 9, 79 d, 1, 68 d, 26, 78 d, 1, 78 d, 1, 79 d, 1, 76 d, 16, 68 d, 22, 78 d, 0, 12 a, 16, 8 a, 0, 8 a, 0, 8 a, 0, 8 a, 0, 8 a, 0, 8 a, 0, 26 b, 31, 12 a, 16, 16 a, 21, 8 a, 0, 8 a, 0, 8 a, 0, 78 d, 0, 78 d, 0, 8 a, 0, 78 d, 0, 8 a, 0, 12 a, 15, 8 a, 0, 15 a, 22, 8 a, 0, 8 a, 0, 8 a, 0, 8 a, 0, 8 a, 0, 8 a, 0, 23 b, 28, 8 a, 0, 8 a, 0, 8 a, 0, 8 a, 0, 8 a, 0, 8 a, 0, 8 a, 0, 15 a, 22, 8 a, 0, 8 a, 0, 8 a, 0, 8 a, 0, 8 a, 0, 8 a, 0, 8 a, 0, 8 a, 0, 8 a, 0, 8 a, 0, 8 a, 0, 8 a, 0, 56 c, 33, Health-ClosedPRs0003.csv
72, 10000, 5, 3, 63, 9, 4, 24, 58 f, 11, 63 h, 1, 57 f, 11, 54 e, 18, 50 d, 21, 64 h, 1, 62 h, 1, 60 g, 1, 63 h, 0, 50 d, 20, 55 e, 15, 45 c, 22, 40 b, 24, 62 h, 0, 60 g, 1, 60 g, 1, 57 f, 11, 56 f, 15, 50 d, 20, 45 c, 23, 25 a, 23, 63 h, 0, 63 h, 1, 57 f, 11, 48 d, 20, 63 h, 1, 53 d, 18, 62 h, 1, 60 g, 11, 54 e, 18, 54 e, 18, 49 d, 22, 30 b, 24, 26 a, 23, 23 a, 22, 62 h, 2, 59 f, 11, 51 d, 20, 51 d, 20, 53 e, 18, 38 b, 24, 33 b, 25, 58 f, 11, 60 g, 1, 60 g, 0, 55 e, 15, 57 f, 11, 57 f, 11, 48 c, 21, 52 d, 18, 40 b, 24, 47 c, 21, 38 b, 24, 43 b, 23, 21 a, 20, 23 a, 21, 63 h, 4, Health-ClosedIssues0007.csv
90, 6840, 16, 2, 55, 0, 22, 6, 23 b, 14, 18 b, 12, 9 a, 9, 8 a, 7, 4 a, 3, 2 a, 1, 1 a, 1, 15 b, 11, 10 a, 8, 7 a, 5, 6 a, 5, 4 a, 2, 3 a, 2, 1 a, 1, 21 b, 12, 9 a, 6, 7 a, 6, 4 a, 4, 2 a, 1, 1 a, 1, 1 a, 1, 15 b, 11, 10 a, 8, 8 a, 6, 7 a, 6, 4 a, 4, 3 a, 2, 2 a, 2, 26 c, 12, 14 b, 15, 12 a, 14, 9 a, 13, 4 a, 5, 1 a, 1, 1 a, 1, 31 c, 10, 21 b, 10, 18 b, 11, 11 a, 9, 4 a, 4, 4 a, 4, 2 a, 1, 22 b, 10, 31 c, 7, 18 b, 9, 27 c, 10, 12 a, 9, 17 b, 10, 11 a, 7, 18 b, 9, 9 a, 8, 11 a, 7, 4 a, 3, 9 a, 7, 3 a, 2, 4 a, 2, 55 d, 22, SS-V.csv
61, 10000, 5, 3, 50, 5, 22, 23, 42 b, 24, 40 b, 21, 51 c, 21, 29 a, 4, 42 b, 24, 46 c, 18, 22 a, 3, 36 b, 12, 23 a, 1, 22 a, 1, 23 a, 1, 22 a, 1, 21 a, 1, 21 a, 3, 25 a, 3, 31 b, 14, 24 a, 1, 32 b, 14, 39 b, 19, 22 a, 1, 22 a, 1, 39 b, 14, 24 a, 1, 23 a, 1, 23 a, 1, 22 a, 1, 22 a, 1, 21 a, 6, 26 a, 11, 23 a, 3, 22 a, 3, 22 a, 3, 21 a, 3, 21 a, 3, 20 a, 5, 28 a, 7, 24 a, 1, 23 a, 1, 23 a, 1, 22 a, 1, 21 a, 4, 21 a, 1, 25 a, 1, 25 a, 3, 24 a, 1, 24 a, 1, 24 a, 1, 23 a, 1, 23 a, 3, 23 a, 1, 22 a, 1, 22 a, 1, 22 a, 1, 22 a, 1, 21 a, 1, 21 a, 3, 50 c, 22, Health-ClosedIssues0005.csv
81, 2205, 31, 8, 74, 48, 7, 52, 58 b, 2, 57 b, 3, 56 b, 3, 54 a, 3, 53 a, 2, 52 a, 2, 51 a, 2, 57 b, 4, 54 a, 3, 53 a, 2, 52 a, 2, 52 a, 1, 50 a, 1, 50 a, 1, 59 b, 4, 56 b, 3, 54 a, 2, 54 a, 2, 52 a, 2, 52 a, 2, 51 a, 1, 57 b, 4, 55 a, 3, 55 a, 3, 54 a, 3, 54 a, 3, 52 a, 2, 52 a, 2, 65 d, 6, 61 c, 6, 60 b, 5, 58 b, 5, 54 a, 5, 52 a, 4, 50 a, 2, 65 d, 6, 62 c, 5, 59 b, 4, 60 b, 4, 55 b, 5, 51 a, 3, 49 a, 2, 64 c, 6, 65 d, 5, 59 b, 5, 62 c, 5, 59 b, 4, 57 b, 6, 57 b, 4, 57 b, 4, 56 b, 3, 54 a, 4, 53 a, 3, 53 a, 3, 51 a, 3, 52 a, 3, 74 e, 7, Marketing_Analytics.csv
74, 10000, 5, 3, 75, 1, 26, 20, 41 b, 20, 41 b, 18, 35 b, 11, 33 b, 9, 26 a, 3, 24 a, 6, 14 a, 11, 40 b, 19, 32 b, 15, 29 a, 3, 27 a, 4, 22 a, 6, 17 a, 6, 20 a, 4, 41 b, 21, 24 a, 6, 20 a, 6, 18 a, 5, 15 a, 6, 11 a, 4, 10 a, 4, 41 b, 20, 28 a, 6, 26 a, 5, 22 a, 5, 18 a, 6, 22 a, 5, 19 a, 5, 34 b, 15, 22 a, 6, 19 a, 4, 19 a, 4, 17 a, 5, 13 a, 6, 10 a, 7, 34 b, 15, 26 a, 5, 26 a, 7, 20 a, 8, 17 a, 6, 13 a, 5, 10 a, 6, 34 b, 12, 38 b, 17, 30 b, 11, 31 b, 9, 25 a, 5, 26 a, 5, 25 a, 5, 25 a, 4, 20 a, 5, 23 a, 5, 18 a, 6, 19 a, 5, 15 a, 5, 15 a, 5, 75 c, 26, Health-Commits0000.csv
89, 4608, 21, 2, 46, 23, 15, 26, 31 b, 5, 30 a, 5, 28 a, 3, 27 a, 3, 26 a, 2, 25 a, 2, 24 a, 1, 33 b, 7, 29 a, 5, 27 a, 2, 27 a, 2, 25 a, 1, 25 a, 1, 24 a, 0, 33 b, 6, 28 a, 3, 28 a, 3, 27 a, 3, 25 a, 1, 24 a, 2, 24 a, 1, 33 b, 7, 29 a, 4, 28 a, 4, 28 a, 4, 26 a, 3, 26 a, 3, 25 a, 2, 34 b, 9, 30 a, 9, 28 a, 7, 25 a, 4, 24 a, 1, 23 a, 0, 23 a, 0, 33 b, 10, 26 a, 1, 26 a, 4, 25 a, 1, 24 a, 0, 24 a, 0, 24 a, 0, 27 a, 4, 27 a, 3, 25 a, 1, 25 a, 1, 25 a, 1, 25 a, 1, 25 a, 1, 24 a, 1, 24 a, 1, 24 a, 1, 24 a, 1, 24 a, 0, 23 a, 0, 23 a, 0, 46 c, 15, SS-U.csv
98, 10000, 5, 2, 33, 0, 47, 1, 50 b, 51, 90 d, 31, 95 d, 22, 60 c, 50, 15 a, 37, 30 b, 47, 0 a, 0, 10 a, 31, 0 a, 0, 0 a, 0, 0 a, 0, 0 a, 0, 0 a, 0, 0 a, 0, 5 a, 22, 0 a, 0, 0 a, 0, 0 a, 0, 0 a, 0, 0 a, 0, 0 a, 0, 0 a, 0, 0 a, 0, 0 a, 0, 0 a, 0, 0 a, 0, 0 a, 0, 0 a, 0, 0 a, 0, 0 a, 0, 0 a, 0, 0 a, 0, 0 a, 0, 0 a, 0, 0 a, 0, 0 a, 0, 0 a, 0, 0 a, 0, 0 a, 0, 0 a, 0, 0 a, 0, 0 a, 0, 0 a, 0, 0 a, 0, 0 a, 0, 0 a, 0, 0 a, 0, 0 a, 0, 0 a, 0, 0 a, 0, 0 a, 0, 0 a, 0, 0 a, 0, 0 a, 0, 0 a, 0, 0 a, 0, 33 b, 47, Health-ClosedPRs0000.csv
91, 10000, 5, 3, 55, 5, 15, 10, 33 c, 16, 27 c, 16, 30 c, 16, 17 b, 7, 20 b, 20, 46 e, 22, 41 d, 22, 40 d, 22, 28 c, 22, 17 b, 18, 15 a, 6, 11 a, 5, 19 b, 2, 8 a, 1, 40 d, 20, 22 b, 17, 21 b, 17, 16 b, 11, 11 a, 4, 9 a, 2, 11 a, 5, 35 d, 17, 29 c, 14, 25 c, 3, 21 b, 2, 12 a, 6, 11 a, 5, 9 a, 4, 30 c, 24, 14 a, 12, 10 a, 5, 10 a, 4, 9 a, 2, 8 a, 1, 8 a, 1, 51 e, 17, 32 c, 23, 21 b, 17, 18 b, 18, 10 a, 4, 8 a, 1, 8 a, 1, 31 c, 18, 32 c, 19, 21 b, 15, 29 c, 17, 17 b, 8, 18 b, 12, 16 b, 6, 18 b, 12, 12 a, 5, 12 a, 6, 10 a, 4, 8 a, 1, 8 a, 1, 8 a, 1, 55 f, 15, Health-Commits0007.csv
97, 10000, 5, 3, 52, 0, 27, 2, 67 e, 0, 16 b, 28, 67 e, 0, 40 c, 33, 6 a, 19, 63 d, 15, 6 a, 20, 43 c, 32, 0 a, 0, 0 a, 0, 0 a, 0, 0 a, 0, 0 a, 0, 0 a, 0, 22 b, 31, 3 a, 15, 19 b, 30, 0 a, 0, 16 b, 28, 3 a, 14, 0 a, 0, 43 c, 32, 7 a, 20, 66 e, 1, 0 a, 0, 0 a, 0, 0 a, 0, 66 e, 0, 10 a, 24, 0 a, 0, 0 a, 0, 0 a, 0, 0 a, 0, 0 a, 0, 0 a, 0, 13 a, 27, 3 a, 15, 0 a, 0, 0 a, 0, 0 a, 0, 0 a, 0, 0 a, 0, 3 a, 14, 13 a, 27, 3 a, 14, 3 a, 14, 0 a, 0, 0 a, 0, 0 a, 0, 0 a, 0, 0 a, 0, 0 a, 0, 0 a, 0, 0 a, 0, 0 a, 0, 0 a, 0, 52 d, 27, Health-Commits0011.csv
92, 7043, 19, 2, 39, 0, 25, 3, 71 e, 11, 68 e, 16, 53 d, 12, 48 c, 13, 35 c, 9, 51 d, 13, 57 d, 12, 35 c, 8, 46 c, 7, 15 b, 9, 12 a, 7, 26 c, 7, 29 c, 6, 14 b, 3, 8 a, 10, 20 b, 14, 37 c, 20, 7 a, 5, 5 a, 4, 2 a, 1, 3 a, 3, 10 a, 5, 7 a, 4, 5 a, 1, 6 a, 2, 4 a, 0, 4 a, 1, 4 a, 0, 8 a, 9, 2 a, 2, 2 a, 1, 1 a, 1, 1 a, 1, 1 a, 1, 1 a, 1, 4 a, 5, 3 a, 4, 1 a, 1, 1 a, 1, 1 a, 0, 1 a, 0, 1 a, 0, 8 a, 8, 9 a, 11, 6 a, 8, 3 a, 3, 2 a, 1, 2 a, 2, 2 a, 1, 2 a, 2, 1 a, 0, 1 a, 0, 1 a, 0, 1 a, 0, 1 a, 0, 1 a, 0, 39 c, 25, WA_Fn-UseC_-Telco-Customer-Churn.csv
95, 19008, 9, 1, 15, 0, 27, 1, 1 a, 0, 1 a, 0, 1 a, 0, 1 a, 0, 1 a, 0, 1 a, 0, 1 a, 0, 1 a, 1, 1 a, 0, 1 a, 0, 1 a, 0, 1 a, 0, 1 a, 0, 1 a, 0, 1 a, 0, 1 a, 0, 1 a, 0, 1 a, 0, 1 a, 0, 1 a, 0, 1 a, 0, 1 a, 1, 1 a, 0, 1 a, 0, 1 a, 0, 1 a, 0, 1 a, 0, 1 a, 0, 1 a, 0, 1 a, 0, 1 a, 0, 0 a, 0, 0 a, 0, 0 a, 0, 0 a, 0, 2 a, 2, 1 a, 0, 1 a, 0, 1 a, 0, 0 a, 0, 0 a, 0, 0 a, 0, 1 a, 0, 1 a, 0, 1 a, 0, 1 a, 0, 1 a, 0, 1 a, 0, 1 a, 0, 1 a, 0, 0 a, 0, 0 a, 0, 0 a, 0, 0 a, 0, 0 a, 0, 0 a, 0, 15 b, 27, PostgreSQL.csv
71, 10000, 5, 3, 75, 0, 7, 22, 77 i, 8, 65 g, 9, 66 g, 8, 63 f, 9, 68 h, 18, 72 i, 20, 66 g, 16, 63 f, 5, 63 f, 6, 63 f, 6, 59 f, 6, 56 e, 8, 50 d, 11, 49 d, 10, 77 i, 8, 58 f, 14, 65 g, 17, 64 g, 13, 50 d, 19, 28 b, 17, 17 a, 16, 63 g, 6, 62 f, 5, 55 e, 12, 55 e, 12, 49 d, 20, 36 c, 15, 54 e, 19, 61 f, 14, 54 e, 14, 51 d, 15, 50 d, 15, 42 c, 19, 34 b, 22, 27 a, 25, 62 f, 13, 59 f, 8, 60 f, 10, 52 d, 12, 49 d, 13, 41 c, 16, 29 b, 15, 63 g, 9, 67 g, 6, 54 e, 15, 60 f, 9, 58 f, 12, 56 e, 11, 51 d, 15, 57 e, 9, 49 d, 13, 54 d, 9, 39 c, 16, 47 d, 10, 36 c, 13, 39 c, 15, 75 i, 7, Health-ClosedPRs0009.csv
89, 6764, 18, 1, 23, 0, 19, 2, 8 a, 4, 6 a, 4, 5 a, 4, 4 a, 3, 2 a, 2, 1 a, 0, 1 a, 0, 5 a, 3, 3 a, 3, 2 a, 2, 2 a, 2, 1 a, 1, 1 a, 0, 1 a, 0, 8 a, 5, 4 a, 2, 2 a, 2, 3 a, 2, 1 a, 1, 1 a, 1, 1 a, 0, 5 a, 3, 2 a, 2, 2 a, 2, 2 a, 2, 1 a, 1, 1 a, 1, 1 a, 0, 5 a, 4, 4 a, 3, 3 a, 2, 2 a, 2, 1 a, 2, 1 a, 1, 0 a, 0, 6 a, 4, 3 a, 2, 3 a, 2, 2 a, 2, 1 a, 0, 1 a, 0, 1 a, 0, 6 a, 4, 5 a, 4, 3 a, 2, 3 a, 2, 3 a, 2, 2 a, 2, 2 a, 2, 2 a, 1, 1 a, 0, 1 a, 0, 1 a, 0, 1 a, 0, 1 a, 0, 1 a, 0, 23 b, 19, dconvert.csv
96, 86058, 11, 2, 58, 0, 17, 3, 15 b, 15, 9 b, 10, 6 a, 9, 3 a, 3, 1 a, 2, 1 a, 1, 0 a, 0, 12 b, 15, 6 a, 9, 3 a, 4, 2 a, 2, 1 a, 1, 1 a, 1, 0 a, 0, 15 b, 16, 8 a, 9, 3 a, 2, 3 a, 4, 1 a, 1, 0 a, 0, 0 a, 0, 12 b, 15, 5 a, 9, 5 a, 8, 4 a, 8, 2 a, 2, 1 a, 1, 1 a, 1, 35 d, 8, 29 c, 9, 26 c, 8, 22 c, 7, 17 b, 8, 14 b, 7, 10 b, 8, 34 d, 10, 29 c, 8, 24 c, 6, 24 c, 7, 21 b, 3, 20 b, 3, 17 b, 6, 39 d, 9, 39 d, 8, 33 d, 8, 32 d, 10, 30 c, 8, 30 c, 9, 28 c, 7, 28 c, 7, 24 c, 6, 23 c, 4, 19 b, 6, 19 b, 6, 18 b, 5, 19 b, 3, 58 e, 17, SS-X.csv
82, 20000, 9, 3, 46, 9, 9, 16, 34 d, 5, 31 c, 6, 29 c, 4, 28 c, 4, 26 c, 3, 23 b, 3, 20 b, 4, 36 d, 5, 31 c, 4, 30 c, 4, 29 c, 3, 26 c, 4, 24 b, 4, 21 b, 3, 34 d, 4, 33 d, 4, 29 c, 5, 27 c, 3, 25 b, 4, 24 b, 4, 21 b, 4, 36 d, 5, 33 d, 5, 32 c, 4, 30 c, 4, 26 c, 4, 25 b, 4, 22 b, 3, 36 d, 4, 30 c, 6, 26 c, 7, 25 b, 7, 22 b, 5, 19 b, 4, 14 a, 5, 35 d, 8, 31 c, 5, 28 c, 4, 28 c, 4, 22 b, 5, 20 b, 4, 17 a, 4, 35 d, 5, 34 d, 8, 31 c, 4, 30 c, 5, 31 c, 3, 30 c, 7, 28 c, 4, 29 c, 3, 26 c, 3, 26 c, 4, 21 b, 4, 23 b, 3, 22 b, 3, 21 b, 3, 46 e, 9, pom3c.csv
70, 4653, 38, 1, 46, 0, 18, 14, 26 b, 7, 23 b, 6, 22 b, 5, 19 a, 4, 17 a, 3, 15 a, 2, 14 a, 2, 28 b, 9, 21 b, 5, 20 a, 5, 19 a, 5, 16 a, 3, 14 a, 3, 12 a, 2, 32 c, 11, 22 b, 7, 21 b, 7, 19 a, 5, 15 a, 4, 15 a, 3, 12 a, 3, 28 b, 9, 24 b, 9, 23 b, 9, 21 b, 7, 19 a, 6, 16 a, 6, 14 a, 4, 26 b, 9, 17 a, 7, 15 a, 7, 14 a, 7, 11 a, 6, 9 a, 7, 7 a, 6, 27 b, 8, 21 b, 7, 13 a, 5, 15 a, 6, 9 a, 5, 7 a, 4, 3 a, 3, 25 b, 10, 22 b, 9, 19 a, 4, 20 a, 6, 17 a, 3, 16 a, 6, 16 a, 5, 15 a, 5, 12 a, 3, 14 a, 4, 9 a, 3, 11 a, 4, 8 a, 3, 11 a, 2, 46 d, 18, SQL_AllMeasurements.csv
82, 65536, 16, 2, 52, 9, 11, 17, 36 c, 7, 34 c, 6, 32 c, 5, 30 c, 5, 25 b, 6, 21 b, 5, 16 a, 5, 40 d, 5, 36 c, 4, 35 c, 5, 34 c, 5, 31 c, 5, 29 b, 4, 23 b, 4, 36 c, 6, 33 c, 7, 31 c, 5, 28 b, 5, 26 b, 5, 26 b, 5, 26 b, 5, 40 d, 5, 36 c, 4, 35 c, 5, 35 c, 5, 31 c, 4, 28 b, 4, 27 b, 5, 41 d, 5, 37 c, 5, 32 c, 6, 31 c, 5, 25 b, 5, 22 b, 5, 18 a, 5, 40 d, 5, 37 c, 5, 32 c, 5, 30 c, 6, 28 b, 4, 25 b, 4, 23 b, 3, 39 d, 4, 38 d, 5, 36 c, 5, 33 c, 5, 33 c, 5, 32 c, 5, 32 c, 6, 31 c, 7, 27 b, 5, 29 b, 6, 27 b, 5, 24 b, 5, 23 b, 4, 23 b, 4, 52 e, 11, SS-W.csv
82, 86058, 12, 1, 20, 0, 14, 4, 9 b, 5, 7 a, 5, 6 a, 3, 5 a, 3, 3 a, 2, 2 a, 1, 1 a, 1, 7 a, 3, 6 a, 2, 5 a, 2, 4 a, 2, 3 a, 2, 2 a, 2, 1 a, 1, 9 b, 5, 4 a, 2, 4 a, 3, 4 a, 2, 3 a, 2, 1 a, 1, 0 a, 0, 7 a, 3, 5 a, 2, 4 a, 2, 4 a, 2, 2 a, 2, 1 a, 1, 1 a, 1, 6 a, 3, 5 a, 2, 4 a, 2, 3 a, 2, 2 a, 1, 2 a, 1, 1 a, 1, 8 a, 4, 5 a, 2, 4 a, 2, 4 a, 2, 2 a, 1, 2 a, 1, 1 a, 1, 8 a, 3, 7 a, 4, 5 a, 3, 4 a, 1, 4 a, 2, 4 a, 2, 3 a, 1, 4 a, 3, 3 a, 1, 2 a, 1, 2 a, 1, 2 a, 1, 1 a, 1, 1 a, 1, 20 c, 14, exastencils.csv
78, 20000, 9, 3, 34, 1, 11, 8, 19 c, 6, 18 b, 6, 16 b, 5, 13 b, 4, 10 a, 3, 8 a, 3, 6 a, 2, 18 b, 7, 14 b, 4, 13 b, 4, 12 b, 3, 9 a, 2, 8 a, 2, 6 a, 2, 19 c, 8, 16 b, 7, 15 b, 7, 11 a, 6, 8 a, 2, 7 a, 2, 6 a, 2, 18 b, 7, 14 b, 5, 13 b, 4, 11 a, 3, 10 a, 2, 9 a, 2, 7 a, 1, 21 c, 8, 16 b, 7, 13 b, 5, 10 a, 5, 9 a, 4, 5 a, 2, 5 a, 1, 20 c, 7, 13 b, 4, 13 b, 5, 11 a, 5, 8 a, 3, 6 a, 2, 4 a, 1, 19 c, 7, 20 c, 7, 14 b, 6, 16 b, 6, 15 b, 5, 15 b, 4, 13 b, 4, 13 b, 5, 11 a, 3, 11 a, 3, 7 a, 2, 8 a, 3, 6 a, 2, 6 a, 2, 34 d, 11, pom3b.csv
80, 20000, 9, 3, 34, 1, 11, 8, 18 c, 7, 18 c, 7, 16 b, 6, 15 b, 5, 11 b, 4, 9 a, 3, 7 a, 2, 19 c, 8, 15 b, 6, 14 b, 5, 13 b, 4, 9 a, 3, 7 a, 2, 6 a, 2, 20 c, 9, 14 b, 6, 13 b, 4, 14 b, 6, 9 a, 3, 7 a, 3, 6 a, 1, 19 c, 8, 15 b, 6, 12 b, 4, 12 b, 4, 9 a, 3, 7 a, 2, 6 a, 2, 19 c, 7, 13 b, 5, 10 a, 5, 8 a, 4, 6 a, 3, 5 a, 2, 4 a, 2, 21 c, 7, 13 b, 4, 10 a, 4, 10 a, 5, 8 a, 3, 6 a, 2, 4 a, 1, 19 c, 6, 20 c, 6, 16 b, 5, 17 b, 6, 14 b, 5, 13 b, 4, 11 a, 4, 12 b, 5, 10 a, 4, 10 a, 3, 8 a, 3, 8 a, 2, 7 a, 1, 6 a, 2, 34 d, 11, pom3a.csv
95, 68640, 14, 1, 13, 0, 18, 1, 2 a, 1, 1 a, 1, 1 a, 1, 1 a, 1, 1 a, 1, 0 a, 0, 0 a, 0, 1 a, 1, 1 a, 1, 0 a, 0, 0 a, 0, 0 a, 0, 0 a, 0, 0 a, 0, 2 a, 2, 1 a, 1, 1 a, 1, 1 a, 1, 0 a, 1, 0 a, 0, 0 a, 0, 1 a, 1, 1 a, 1, 1 a, 1, 1 a, 1, 0 a, 1, 0 a, 0, 0 a, 0, 1 a, 1, 1 a, 0, 1 a, 0, 1 a, 1, 1 a, 1, 0 a, 1, 0 a, 0, 1 a, 1, 1 a, 1, 1 a, 1, 1 a, 0, 0 a, 0, 0 a, 0, 0 a, 0, 1 a, 1, 1 a, 1, 1 a, 1, 1 a, 1, 1 a, 0, 1 a, 1, 0 a, 0, 1 a, 1, 0 a, 0, 0 a, 0, 0 a, 0, 0 a, 0, 0 a, 0, 0 a, 0, 13 b, 18, 7z.csv
72, 10127, 19, 4, 77, 25, 13, 39, 66 e, 18, 46 b, 9, 58 c, 16, 61 c, 16, 67 e, 17, 77 f, 12, 41 a, 10, 61 d, 12, 54 c, 10, 42 a, 4, 41 a, 3, 39 a, 1, 38 a, 2, 36 a, 1, 62 d, 14, 57 c, 12, 57 c, 12, 48 b, 11, 55 c, 12, 43 a, 7, 38 a, 2, 54 c, 11, 45 b, 9, 40 a, 3, 40 a, 3, 40 a, 2, 37 a, 5, 38 a, 1, 55 c, 13, 46 b, 9, 43 a, 6, 41 a, 4, 39 a, 5, 36 a, 5, 33 a, 5, 61 d, 14, 54 c, 11, 45 b, 10, 43 a, 6, 40 a, 4, 38 a, 4, 37 a, 3, 57 c, 9, 55 c, 12, 49 b, 10, 53 c, 10, 49 b, 9, 50 b, 8, 46 b, 6, 47 b, 8, 44 a, 4, 43 a, 3, 40 a, 2, 41 a, 2, 38 a, 5, 38 a, 4, 77 f, 13, BankChurners.csv
62, 53662, 17, 1, 34, 0, 8, 13, 22 c, 5, 21 c, 5, 19 b, 4, 18 b, 4, 14 a, 3, 13 a, 2, 11 a, 3, 20 c, 6, 18 b, 5, 16 b, 2, 16 b, 2, 14 a, 2, 14 a, 1, 13 a, 1, 21 c, 6, 18 b, 4, 16 b, 4, 14 a, 3, 14 a, 4, 14 a, 3, 12 a, 2, 20 c, 6, 17 b, 4, 16 b, 3, 16 b, 3, 14 a, 2, 13 a, 2, 12 a, 2, 26 d, 5, 22 c, 5, 22 c, 4, 21 c, 4, 21 c, 4, 21 c, 4, 21 c, 4, 27 d, 4, 21 c, 5, 18 b, 6, 18 b, 5, 14 a, 4, 12 a, 3, 11 a, 3, 25 d, 3, 25 d, 3, 21 c, 5, 23 c, 4, 20 b, 5, 22 c, 5, 16 b, 3, 19 b, 5, 14 a, 2, 18 b, 5, 12 a, 3, 15 a, 3, 10 a, 4, 13 a, 3, 34 e, 8, x264.csv
58, 53662, 17, 2, 25, 0, 6, 11, 18 c, 5, 16 b, 3, 14 b, 3, 13 b, 2, 12 a, 1, 11 a, 1, 10 a, 1, 15 b, 4, 12 a, 2, 12 a, 2, 12 a, 2, 11 a, 2, 10 a, 2, 9 a, 3, 17 c, 5, 13 b, 3, 12 a, 1, 12 a, 2, 11 a, 2, 10 a, 2, 9 a, 1, 15 b, 4, 13 b, 2, 12 a, 2, 12 a, 2, 11 a, 1, 11 a, 1, 10 a, 1, 20 c, 5, 17 c, 4, 16 b, 4, 16 b, 4, 15 b, 4, 15 b, 4, 15 b, 4, 18 c, 3, 16 b, 5, 18 c, 3, 16 b, 4, 12 a, 4, 10 a, 2, 9 a, 4, 19 c, 2, 19 c, 1, 16 b, 3, 17 c, 3, 15 b, 4, 17 c, 3, 13 b, 3, 14 b, 4, 11 a, 2, 13 b, 3, 9 a, 3, 11 a, 2, 8 a, 3, 10 a, 2, 25 d, 6, SS-N.csv
80, 10000, 24, 4, 37, 7, 12, 13, 23 b, 5, 21 b, 5, 19 b, 5, 18 b, 4, 16 a, 3, 14 a, 3, 11 a, 2, 23 b, 4, 21 b, 4, 19 b, 4, 18 b, 4, 16 a, 3, 15 a, 2, 12 a, 2, 24 b, 5, 21 b, 4, 18 b, 4, 18 b, 3, 15 a, 3, 14 a, 3, 12 a, 3, 23 b, 4, 21 b, 4, 19 b, 4, 18 b, 4, 15 a, 3, 14 a, 3, 12 a, 2, 26 c, 9, 19 b, 6, 15 a, 3, 15 a, 3, 11 a, 2, 9 a, 2, 8 a, 1, 26 c, 9, 19 b, 6, 16 a, 5, 17 a, 4, 12 a, 3, 10 a, 2, 8 a, 1, 23 b, 6, 22 b, 5, 18 b, 6, 20 b, 5, 19 b, 5, 18 b, 4, 16 a, 2, 18 b, 4, 15 a, 2, 14 a, 3, 14 a, 2, 14 a, 3, 12 a, 2, 11 a, 2, 37 d, 12, xomo_osp2.csv
81, 10000, 24, 4, 24, 1, 9, 5, 12 b, 4, 11 b, 3, 10 b, 3, 9 b, 2, 7 a, 3, 5 a, 2, 4 a, 1, 14 c, 4, 11 b, 3, 9 b, 2, 9 b, 2, 7 a, 2, 6 a, 2, 4 a, 2, 14 c, 4, 12 b, 4, 9 b, 3, 7 a, 3, 7 a, 2, 6 a, 2, 4 a, 1, 14 c, 4, 11 b, 3, 10 b, 3, 9 b, 3, 7 a, 2, 5 a, 2, 4 a, 1, 14 c, 6, 10 b, 5, 8 a, 4, 7 a, 4, 4 a, 2, 2 a, 1, 2 a, 1, 14 c, 4, 8 a, 3, 8 a, 4, 7 a, 3, 3 a, 1, 3 a, 1, 2 a, 1, 15 c, 6, 12 b, 5, 11 b, 5, 9 b, 4, 9 b, 4, 10 b, 4, 8 a, 4, 9 b, 4, 7 a, 2, 7 a, 3, 5 a, 2, 5 a, 2, 4 a, 2, 4 a, 1, 24 d, 9, xomo_osp.csv
81, 10000, 24, 4, 26, 0, 11, 5, 13 b, 6, 12 b, 6, 10 b, 5, 9 b, 5, 7 a, 4, 5 a, 4, 3 a, 1, 14 b, 4, 11 b, 4, 9 b, 3, 9 b, 3, 7 a, 2, 5 a, 2, 3 a, 1, 15 c, 5, 11 b, 4, 9 b, 3, 9 b, 3, 5 a, 3, 4 a, 2, 3 a, 2, 14 b, 4, 11 b, 4, 9 b, 4, 9 b, 4, 7 a, 3, 4 a, 1, 4 a, 1, 13 b, 4, 8 a, 4, 6 a, 3, 6 a, 3, 4 a, 2, 2 a, 1, 2 a, 1, 13 b, 6, 8 a, 4, 7 a, 4, 5 a, 3, 3 a, 1, 2 a, 1, 1 a, 1, 14 b, 6, 13 b, 5, 11 b, 3, 9 b, 4, 7 a, 5, 9 b, 4, 7 a, 3, 7 a, 3, 6 a, 2, 6 a, 2, 4 a, 2, 5 a, 2, 3 a, 1, 3 a, 1, 26 d, 11, xomo_flight.csv
92, 21759, 35, 3, 93, 34, 10, 39, 82 h, 9, 84 h, 9, 75 g, 12, 80 g, 11, 68 e, 8, 65 e, 5, 67 e, 10, 77 g, 10, 75 f, 8, 70 f, 9, 69 f, 9, 64 e, 6, 58 d, 6, 54 c, 8, 77 g, 12, 80 g, 11, 81 g, 10, 77 g, 9, 67 e, 11, 60 d, 9, 57 d, 7, 78 g, 10, 77 g, 11, 69 f, 13, 66 e, 13, 57 d, 8, 53 c, 8, 48 c, 6, 78 g, 13, 75 g, 15, 72 f, 14, 70 f, 14, 66 e, 13, 64 e, 14, 62 e, 13, 75 g, 14, 63 e, 15, 57 d, 11, 59 d, 14, 44 b, 6, 40 a, 4, 37 a, 3, 78 g, 12, 71 f, 18, 74 f, 11, 67 e, 13, 63 e, 13, 63 e, 12, 64 e, 11, 70 f, 12, 60 d, 8, 53 c, 9, 53 c, 6, 52 c, 5, 51 c, 8, 48 c, 6, 93 i, 10, Data_COVID19_Indonesia.csv
79, 10000, 88, 3, 52, 34, 7, 38, 44 b, 3, 44 b, 3, 43 b, 3, 42 b, 3, 40 a, 2, 37 a, 2, 35 a, 1, 45 c, 4, 41 b, 3, 41 b, 3, 40 a, 3, 39 a, 2, 38 a, 1, 36 a, 1, 43 b, 3, 43 b, 2, 41 b, 3, 38 a, 3, 37 a, 2, 37 a, 2, 37 a, 2, 45 c, 4, 41 b, 3, 40 a, 3, 40 a, 3, 38 a, 3, 37 a, 2, 36 a, 1, 44 b, 4, 42 b, 3, 40 a, 2, 39 a, 2, 37 a, 1, 35 a, 1, 35 a, 1, 44 b, 4, 43 b, 3, 40 b, 3, 40 a, 2, 39 a, 1, 38 a, 1, 37 a, 1, 42 b, 3, 44 b, 4, 43 b, 3, 43 b, 3, 41 b, 3, 40 a, 3, 40 b, 2, 41 b, 2, 39 a, 2, 39 a, 2, 38 a, 1, 38 a, 2, 37 a, 2, 37 a, 1, 52 d, 7, billing10k.csv
93, 166975, 35, 1, 2, 0, 3, 0, 0 a, 0, 0 a, 0, 0 a, 0, 0 a, 0, 0 a, 0, 0 a, 0, 0 a, 0, 0 a, 0, 0 a, 0, 0 a, 0, 0 a, 0, 0 a, 0, 0 a, 0, 0 a, 0, 0 a, 0, 0 a, 0, 0 a, 0, 0 a, 0, 0 a, 0, 0 a, 0, 0 a, 0, 0 a, 0, 0 a, 0, 0 a, 0, 0 a, 0, 0 a, 0, 0 a, 0, 0 a, 0, 0 a, 0, 0 a, 0, 0 a, 0, 0 a, 0, 0 a, 0, 0 a, 0, 0 a, 0, 0 a, 0, 0 a, 0, 0 a, 0, 0 a, 0, 0 a, 0, 0 a, 0, 0 a, 0, 0 a, 0, 0 a, 0, 0 a, 0, 0 a, 0, 0 a, 0, 0 a, 0, 0 a, 0, 0 a, 0, 0 a, 0, 0 a, 0, 0 a, 0, 0 a, 0, 0 a, 0, 0 a, 0, 2 b, 3, javagc.csv
84, 10000, 124, 3, 52, 28, 8, 32, 42 c, 4, 41 c, 4, 37 b, 4, 36 b, 3, 33 a, 2, 30 a, 2, 29 a, 1, 42 c, 5, 38 b, 3, 37 b, 3, 36 b, 2, 34 a, 3, 33 a, 2, 29 a, 1, 41 c, 4, 39 b, 4, 37 b, 4, 35 b, 3, 32 a, 2, 31 a, 3, 31 a, 3, 42 c, 5, 37 b, 3, 36 b, 3, 35 b, 3, 33 a, 3, 31 a, 2, 31 a, 2, 40 c, 6, 36 b, 4, 34 a, 3, 33 a, 3, 30 a, 2, 29 a, 1, 28 a, 1, 43 c, 5, 40 c, 4, 37 b, 3, 36 b, 4, 33 a, 3, 32 a, 3, 31 a, 2, 44 c, 6, 40 c, 5, 39 b, 3, 40 c, 5, 37 b, 3, 38 b, 4, 36 b, 3, 36 b, 4, 35 b, 3, 36 b, 3, 34 a, 2, 33 a, 2, 32 a, 3, 32 a, 2, 52 d, 8, Scrum10k.csv
86, 10000, 128, 3, 53, 25, 9, 29, 41 c, 7, 39 c, 6, 37 b, 6, 36 b, 5, 33 b, 5, 30 a, 3, 29 a, 2, 41 c, 4, 40 c, 4, 38 b, 4, 37 b, 4, 33 b, 3, 32 b, 2, 31 a, 3, 41 c, 5, 38 b, 5, 36 b, 4, 35 b, 4, 32 a, 3, 31 a, 2, 30 a, 3, 41 c, 4, 39 c, 4, 38 b, 4, 37 b, 4, 35 b, 3, 33 b, 4, 33 b, 3, 41 c, 6, 34 b, 5, 31 a, 5, 30 a, 4, 27 a, 2, 26 a, 1, 25 a, 0, 41 c, 6, 36 b, 3, 35 b, 5, 34 b, 3, 30 a, 3, 29 a, 2, 28 a, 3, 40 c, 4, 42 c, 6, 37 b, 5, 37 b, 6, 36 b, 4, 35 b, 4, 36 b, 3, 35 b, 4, 33 b, 5, 33 b, 4, 29 a, 2, 31 a, 3, 29 a, 3, 29 a, 3, 53 d, 9, FFM-125-25-0.50-SAT-1.csv
81, 100000, 124, 3, 53, 31, 7, 35, 45 c, 3, 44 c, 3, 41 b, 2, 40 b, 3, 37 b, 3, 35 a, 2, 33 a, 1, 44 c, 4, 42 b, 4, 41 b, 3, 39 b, 3, 38 b, 3, 37 a, 3, 34 a, 2, 44 c, 4, 42 b, 4, 40 b, 4, 40 b, 3, 36 a, 2, 34 a, 2, 33 a, 2, 44 c, 4, 40 b, 3, 39 b, 3, 38 b, 3, 37 a, 2, 35 a, 2, 34 a, 2, 45 c, 3, 41 b, 4, 39 b, 3, 39 b, 3, 35 a, 2, 34 a, 2, 33 a, 1, 45 c, 4, 43 c, 4, 40 b, 3, 39 b, 3, 38 b, 2, 36 a, 2, 35 a, 2, 43 c, 5, 45 c, 3, 43 c, 3, 42 c, 4, 41 b, 3, 41 b, 3, 40 b, 2, 40 b, 3, 39 b, 2, 39 b, 3, 38 b, 2, 37 a, 2, 36 a, 2, 36 a, 2, 53 d, 7, Scrum100k.csv
85, 10000, 256, 3, 51, 34, 7, 37, 43 c, 3, 42 b, 4, 41 b, 3, 40 b, 3, 38 a, 2, 36 a, 1, 35 a, 1, 43 c, 4, 42 b, 3, 41 b, 3, 40 b, 3, 39 a, 2, 37 a, 2, 35 a, 1, 44 c, 4, 42 b, 3, 40 b, 3, 40 b, 2, 37 a, 2, 37 a, 2, 36 a, 2, 43 c, 4, 41 b, 3, 40 b, 3, 40 b, 3, 38 a, 3, 37 a, 2, 37 a, 2, 45 c, 5, 40 b, 3, 38 a, 3, 37 a, 2, 35 a, 1, 34 a, 1, 34 a, 1, 44 c, 4, 42 b, 4, 41 b, 3, 39 a, 2, 37 a, 2, 37 a, 1, 36 a, 1, 43 c, 3, 42 b, 3, 42 b, 2, 42 b, 3, 40 b, 3, 42 b, 3, 39 b, 2, 40 b, 3, 39 a, 2, 38 a, 2, 38 a, 2, 37 a, 1, 36 a, 1, 36 a, 1, 51 d, 7, FFM-250-50-0.50-SAT-1.csv
83, 10000, 510, 3, 52, 28, 8, 32, 39 b, 4, 37 b, 4, 35 b, 4, 34 a, 4, 32 a, 2, 31 a, 2, 28 a, 1, 43 c, 4, 40 b, 4, 39 b, 4, 37 b, 4, 34 a, 3, 33 a, 2, 30 a, 1, 40 b, 6, 36 b, 4, 35 b, 3, 35 b, 5, 31 a, 1, 31 a, 2, 30 a, 2, 43 c, 4, 39 b, 4, 38 b, 4, 37 b, 3, 34 a, 3, 32 a, 3, 31 a, 3, 43 c, 7, 36 b, 4, 35 a, 4, 33 a, 4, 30 a, 1, 29 a, 1, 29 a, 2, 42 c, 6, 38 b, 4, 38 b, 3, 37 b, 3, 34 a, 3, 31 a, 2, 31 a, 1, 42 c, 5, 44 c, 4, 39 b, 5, 39 b, 3, 36 b, 3, 38 b, 3, 36 b, 4, 37 b, 3, 35 a, 2, 36 b, 2, 34 a, 3, 33 a, 3, 32 a, 2, 33 a, 2, 52 d, 8, FFM-500-100-0.50-SAT-1.csv
85, 10000, 511, 3, 53, 28, 9, 32, 41 c, 6, 39 b, 6, 36 b, 5, 34 a, 4, 32 a, 3, 30 a, 1, 29 a, 1, 40 b, 5, 37 b, 4, 36 b, 3, 35 b, 3, 34 a, 2, 33 a, 2, 30 a, 1, 42 c, 5, 39 b, 3, 35 b, 4, 33 a, 2, 31 a, 2, 32 a, 2, 31 a, 2, 40 b, 5, 38 b, 4, 36 b, 5, 36 b, 4, 33 a, 3, 31 a, 2, 30 a, 2, 43 c, 5, 36 b, 4, 34 a, 3, 33 a, 2, 30 a, 2, 29 a, 1, 28 a, 0, 44 c, 6, 37 b, 4, 38 b, 4, 36 b, 3, 33 a, 3, 33 a, 2, 31 a, 2, 42 c, 4, 42 c, 5, 39 b, 4, 39 b, 5, 38 b, 4, 38 b, 3, 36 b, 3, 37 b, 3, 35 a, 2, 33 a, 2, 33 a, 2, 33 a, 2, 31 a, 2, 32 a, 2, 53 d, 9, FM-500-100-1.00-SAT-1.csv
85, 10000, 511, 3, 54, 27, 9, 31, 41 c, 5, 40 b, 5, 38 b, 5, 37 b, 5, 32 a, 4, 29 a, 2, 27 a, 0, 42 c, 5, 38 b, 4, 37 b, 3, 36 b, 3, 34 b, 2, 32 a, 2, 29 a, 2, 43 c, 4, 38 b, 4, 36 b, 5, 33 a, 3, 31 a, 3, 32 a, 3, 31 a, 3, 42 c, 5, 38 b, 5, 36 b, 5, 36 b, 4, 33 a, 4, 31 a, 3, 30 a, 2, 41 c, 6, 37 b, 6, 34 b, 4, 33 a, 3, 30 a, 2, 28 a, 1, 27 a, 1, 44 c, 6, 37 b, 4, 37 b, 6, 37 b, 3, 34 a, 2, 32 a, 3, 32 a, 2, 43 c, 6, 43 c, 4, 39 b, 4, 41 c, 5, 39 b, 3, 38 b, 4, 38 b, 3, 37 b, 5, 36 b, 3, 37 b, 3, 34 a, 3, 34 b, 3, 32 a, 2, 32 a, 3, 54 d, 9, FM-500-100-0.75-SAT-1.csv
81, 10000, 517, 3, 52, 33, 7, 36, 45 c, 3, 44 c, 3, 42 b, 3, 40 b, 3, 38 a, 2, 36 a, 2, 35 a, 1, 46 c, 3, 44 c, 3, 43 b, 3, 42 b, 2, 40 b, 3, 39 a, 2, 37 a, 2, 46 c, 3, 42 b, 3, 42 b, 3, 40 b, 3, 37 a, 2, 36 a, 3, 35 a, 2, 46 c, 3, 44 c, 2, 42 b, 3, 41 b, 3, 38 a, 3, 37 a, 3, 36 a, 3, 45 c, 5, 39 b, 3, 38 a, 3, 37 a, 2, 35 a, 2, 34 a, 1, 34 a, 1, 45 c, 4, 42 b, 3, 39 b, 2, 39 a, 3, 37 a, 2, 36 a, 2, 36 a, 1, 43 b, 3, 43 b, 4, 41 b, 2, 43 b, 3, 40 b, 3, 40 b, 3, 40 b, 2, 40 b, 2, 38 a, 2, 37 a, 2, 37 a, 2, 37 a, 2, 36 a, 2, 36 a, 1, 52 d, 7, FM-500-100-0.25-SAT-1.csv
82, 10000, 513, 3, 53, 26, 8, 31, 44 c, 5, 42 c, 6, 39 b, 5, 37 b, 5, 33 a, 4, 30 a, 3, 28 a, 1, 43 c, 6, 40 b, 5, 40 b, 5, 39 b, 4, 35 b, 4, 33 a, 4, 30 a, 2, 42 c, 4, 41 c, 4, 38 b, 4, 36 b, 4, 31 a, 4, 30 a, 3, 30 a, 3, 43 c, 6, 39 b, 4, 37 b, 4, 36 b, 4, 34 b, 4, 32 a, 4, 30 a, 3, 44 c, 7, 36 b, 5, 33 a, 4, 33 a, 4, 29 a, 2, 27 a, 2, 27 a, 2, 43 c, 6, 39 b, 4, 36 b, 3, 35 b, 3, 32 a, 3, 31 a, 2, 30 a, 3, 44 c, 5, 42 c, 6, 41 c, 4, 39 b, 5, 39 b, 4, 36 b, 4, 37 b, 4, 37 b, 4, 35 b, 3, 35 b, 2, 33 a, 3, 32 a, 2, 30 a, 3, 31 a, 2, 53 d, 8, FM-500-100-0.50-SAT-1.csv
,,,,,,,,24,0,25,0,32,0,40,0,59,0,65,0,69,0,30,0,44,0,53,0,62,0,71,0,82,0,89,0,28,0,39,0,50,0,64,0,80,0,86,0,91,0,27,0,41,0,51,0,56,0,80,0,84,0,84,0,32,0,54,0,70,0,76,0,83,0,87,0,95,0,34,0,48,0,57,0,62,0,83,0,91,0,95,0,36,0,35,0,43,0,43,0,55,0,49,0,59,0,58,0,78,0,76,0,87,0,86,0,92,0,92,0,0,0,
